p0,p1,y,id
0.9790070974792735,0.020992902520726497,0.0,25788478
0.9792750432073954,0.020724956792604558,0.0,25086927
0.9794922855626412,0.020507714437358864,0.0,18219888
0.9803828488339414,0.01961715116605836,0.0,22547158
0.9790070974792735,0.020992902520726497,0.0,18845006
0.9803747577755285,0.019625242224471363,0.0,25253624
0.9800039482447643,0.019996051755235757,0.0,24347182
0.9778256872127989,0.022174312787201108,0.0,21348057
0.9790070974792735,0.020992902520726497,0.0,12519560
0.9790141033539165,0.020985896646083642,0.0,18790176
0.9790029410051441,0.02099705899485598,0.0,20338816
0.9797545029027661,0.02024549709723386,0.0,23877421
0.979862273058756,0.02013772694124397,0.0,23115667
0.9797704204389135,0.02022957956108653,0.0,28484764
0.9790070974792735,0.020992902520726497,0.0,23865009
0.97934020462478,0.020659795375219923,0.0,20833175
0.980309513462757,0.019690486537243094,0.0,26543262
0.9782552831284788,0.021744716871521127,0.0,16962323
0.9792148137314926,0.020785186268507443,0.0,19851551
0.9790070974792735,0.020992902520726497,0.0,24109192
0.9796187250804345,0.020381274919565578,0.0,20746956
0.9790070974792735,0.020992902520726497,0.0,24707799
0.978392675546295,0.021607324453705064,0.0,15861565
0.9787291480786442,0.021270851921355645,0.0,20674390
0.9794118990113012,0.020588100988698746,0.0,24062689
0.9785903027933696,0.02140969720663037,0.0,28552010
0.9793803275760501,0.020619672423950016,0.0,25356325
0.9794646182686706,0.020535381731329468,0.0,20361318
0.9790070974792735,0.020992902520726497,0.0,18083559
0.9793358868928498,0.020664113107150286,0.0,14859681
0.9801115457448778,0.01988845425512225,0.0,21916993
0.979799438619629,0.020200561380371025,0.0,14672096
0.9802695524831783,0.019730447516821653,0.0,20267776
0.9781826197672618,0.021817380232738267,0.0,22840458
0.9800099084763875,0.01999009152361262,0.0,19013542
0.9786245656301237,0.021375434369876403,0.0,18652504
0.979483996322055,0.020516003677944903,0.0,25868677
0.9790070974792735,0.020992902520726497,0.0,25953634
0.9790070974792735,0.020992902520726497,0.0,26861186
0.9790868682781744,0.020913131721825656,0.0,26337425
0.9790070974792735,0.020992902520726497,0.0,25391601
0.9790468965537441,0.020953103446255877,0.0,18491167
0.9790070974792735,0.020992902520726497,0.0,25536567
0.9792595365028989,0.020740463497101007,0.0,16815005
0.9791077259818549,0.020892274018145078,0.0,14743301
0.9791435396227774,0.020856460377222653,0.0,19057589
0.9790070974792735,0.020992902520726497,0.0,21626847
0.9790070974792735,0.020992902520726497,0.0,19178106
0.9798917564365209,0.020108243563478984,0.0,24311391
0.9792755083635082,0.020724491636491885,0.0,21423473
0.9790070974792735,0.020992902520726497,0.0,28316547
0.9798045149099839,0.020195485090016292,0.0,24979917
0.9790070974792735,0.020992902520726497,0.0,22452022
0.9795666497156429,0.020433350284356975,0.0,14616524
0.9789821893710958,0.021017810628904225,0.0,21229319
0.9801575632880384,0.019842436711961536,0.0,16555790
0.9790070974792735,0.020992902520726497,0.0,16751468
0.9790158877935833,0.020984112206416838,0.0,19251972
0.9800869498370602,0.019913050162939736,0.0,24404773
0.9793128821440216,0.020687117855978352,0.0,27037537
0.9790070974792735,0.020992902520726497,0.0,29280096
0.9790070974792735,0.020992902520726497,0.0,15992869
0.9807894534102641,0.01921054658973594,0.0,14467805
0.9789020465941269,0.02109795340587311,0.0,17737309
0.9777287226281073,0.022271277371892703,0.0,21454992
0.9798991527884542,0.02010084721154576,0.0,17078473
0.9798259083006691,0.02017409169933095,0.0,16079899
0.9793268261009711,0.020673173899028823,0.0,24788770
0.9791253644068361,0.02087463559316389,0.0,24705308
0.9799956428370634,0.020004357162936685,0.0,24972902
0.9791811565455537,0.02081884345444623,0.0,22917311
0.9786470007577375,0.021352999242262485,0.0,27900262
0.9790029410051441,0.02099705899485598,0.0,16575838
0.9800414729987809,0.019958527001219032,0.0,26162125
0.9790215776254401,0.02097842237455998,0.0,24148830
0.9796835443813171,0.020316455618683015,0.0,25431000
0.9799150811250716,0.020084918874928213,0.0,19861637
0.9796938996310933,0.020306100368906697,0.0,18869678
0.9802866188733069,0.019713381126693106,0.0,16274136
0.979961449639454,0.02003855036054591,0.0,15435733
0.9786805767601646,0.021319423239835322,0.0,18909989
0.9794662584158462,0.020533741584153744,0.0,24792597
0.9792538132668787,0.02074618673312137,0.0,22369473
0.9797354880281989,0.020264511971801166,0.0,24634874
0.9792525500438783,0.02074744995612173,0.0,16267482
0.9803136745196253,0.019686325480374748,0.0,25875451
0.9791677714530287,0.020832228546971192,0.0,25683902
0.9792126724139427,0.02078732758605742,0.0,16487978
0.9795971277811646,0.020402872218835428,0.0,19086197
0.9795290334824317,0.02047096651756831,0.0,21630311
0.9785209417286809,0.021479058271319126,0.0,28956678
0.9799873546173787,0.020012645382621336,0.0,20872319
0.9795144366904773,0.020485563309522666,0.0,25182610
0.9794162460186737,0.02058375398132613,0.0,20337796
0.97917097509757,0.020829024902430097,0.0,19446320
0.9801081279282025,0.01989187207179744,0.0,24164389
0.98003083379918,0.01996916620082001,0.0,23281647
0.9790070974792735,0.020992902520726497,0.0,21653745
0.978897748839001,0.02110225116099891,0.0,14659719
0.9784105456871112,0.02158945431288884,0.0,14436998
0.9793793222801882,0.020620677719811718,0.0,16928032
0.9790070974792735,0.020992902520726497,0.0,28582933
0.9790794243749786,0.020920575625021386,0.0,22580992
0.9790070974792735,0.020992902520726497,0.0,20141994
0.9790070974792735,0.020992902520726497,0.0,23675487
0.9801217613447334,0.019878238655266754,0.0,19933267
0.9799187179888833,0.020081282011116565,0.0,12463431
0.9776952370110253,0.02230476298897464,0.0,16855393
0.9790545693942407,0.02094543060575927,0.0,15292723
0.9794365841166245,0.02056341588337536,0.0,15766480
0.9790070974792735,0.020992902520726497,0.0,25018594
0.9796307607775351,0.020369239222464988,0.0,20150232
0.9793757498761969,0.020624250123802906,0.0,18098217
0.9790530471474356,0.020946952852564336,0.0,26048285
0.9796177165446024,0.020382283455397585,0.0,21281317
0.9800012189941562,0.019998781005843937,0.0,17743917
0.9785627081094337,0.021437291890566208,0.0,20014242
0.9790070974792735,0.020992902520726497,0.0,29269220
0.979257357989207,0.02074264201079295,0.0,27263522
0.9800090182760826,0.019990981723917386,0.0,19571449
0.9807773304226357,0.01922266957736443,0.0,19392149
0.9792072040227027,0.020792795977297215,0.0,27570786
0.9793782432968278,0.020621756703172334,0.0,18915202
0.979682390933465,0.0203176090665351,0.0,19892802
0.9786043417109109,0.021395658289089122,0.0,26779821
0.9794552476094888,0.020544752390511133,0.0,25685796
0.9790070974792735,0.020992902520726497,0.0,21891053
0.9795722160749641,0.020427783925035907,0.0,25672998
0.979941285331424,0.020058714668576026,0.0,16432425
0.9796501696557514,0.020349830344248632,0.0,25600486
0.9790070974792735,0.020992902520726497,0.0,27571192
0.9803870868831855,0.019612913116814474,0.0,25131042
0.9795091283525462,0.020490871647453827,0.0,24334061
0.9789176959900602,0.02108230400993985,0.0,24077598
0.9797291743016059,0.020270825698394147,0.0,18486482
0.9795896786888416,0.020410321311158407,0.0,28100351
0.9796121692176549,0.020387830782345018,0.0,19802576
0.9792786959341124,0.020721304065887597,0.0,14699543
0.9794511628955009,0.020548837104499066,0.0,19308720
0.9790424206941862,0.02095757930581373,0.0,22596129
0.979544636966195,0.020455363033804904,0.0,19119183
0.9790070974792735,0.020992902520726497,0.0,18568904
0.9794350285708234,0.02056497142917661,0.0,24024038
0.9792928540103103,0.0207071459896898,0.0,21396497
0.9790070974792735,0.020992902520726497,0.0,18364391
0.9790070974792735,0.020992902520726497,0.0,15577987
0.9790070974792735,0.020992902520726497,0.0,29269237
0.980014588081171,0.019985411918828962,0.0,24961187
0.979171719666471,0.020828280333529035,0.0,18090155
0.9797005442563558,0.02029945574364417,0.0,16912222
0.9790007394072074,0.020999260592792498,0.0,19406638
0.9796822205442652,0.02031777945573477,0.0,22841089
0.9799902625246123,0.020009737475387642,0.0,14703003
0.9790512221632969,0.020948777836703042,0.0,19302891
0.9784098202088372,0.02159017979116295,0.0,21807940
0.9793976285455258,0.020602371454474112,0.0,16941680
0.9797471759337105,0.02025282406628944,0.0,19356561
0.9790885410938905,0.020911458906109556,0.0,26189321
0.9794191176558847,0.0205808823441153,0.0,24597432
0.9797129829376511,0.020287017062348957,0.0,24748460
0.9799822039495135,0.020017796050486477,0.0,24875008
0.9792040190441536,0.020795980955846585,0.0,22974718
0.9790192580038863,0.020980741996113637,0.0,23100033
0.9799825896579861,0.020017410342013868,0.0,26189980
0.9792837923660868,0.020716207633913276,0.0,23681507
0.9790070974792735,0.020992902520726497,0.0,19345659
0.9801412635936312,0.019858736406368767,0.0,25160095
0.9796839896963337,0.020316010303666223,0.0,25332025
0.9790070974792735,0.020992902520726497,0.0,25937304
0.9790070974792735,0.020992902520726497,0.0,29026405
0.9790070974792735,0.020992902520726497,0.0,29159648
0.9796665150356897,0.02033348496431031,0.0,21032155
0.9785236754486729,0.021476324551327097,0.0,17305297
0.9797188793977499,0.020281120602250038,0.0,28679860
0.9789999965362539,0.021000003463746215,0.0,25992491
0.9796029191951638,0.020397080804836046,0.0,26171973
0.9790070974792735,0.020992902520726497,0.0,18569931
0.9790070974792735,0.020992902520726497,0.0,26844577
0.9788585781379543,0.02114142186204574,0.0,17126422
0.979322312034985,0.02067768796501491,0.0,22598336
0.9791617334367575,0.020838266563242537,0.0,21447801
0.9790072804372582,0.020992719562741798,0.0,25440630
0.980151498535513,0.01984850146448715,0.0,25412609
0.9791085620369471,0.020891437963052928,0.0,22884464
0.9804413771024652,0.019558622897534874,0.0,27541003
0.9790117487242067,0.0209882512757933,0.0,17478250
0.978118484680089,0.021881515319911005,0.0,24001027
0.9790070974792735,0.020992902520726497,0.0,21829427
0.9792193633081888,0.020780636691811263,0.0,24306969
0.978815188385352,0.02118481161464792,0.0,16823663
0.979536695789531,0.020463304210469095,0.0,20370239
0.979502195397432,0.020497804602568084,0.0,24916220
0.979223380457774,0.02077661954222601,0.0,18237067
0.9790070974792735,0.020992902520726497,0.0,28223394
0.9788017339666044,0.021198266033395537,0.0,23169242
0.9792132517770908,0.020786748222909265,0.0,25899891
0.9796358502316742,0.020364149768325727,0.0,29472443
0.980133445028399,0.019866554971600933,0.0,17859259
0.9783178243173917,0.021682175682608367,0.0,15266186
0.9797583831127302,0.020241616887269748,0.0,25675447
0.9792573248844029,0.020742675115597166,0.0,20029998
0.9783140210749979,0.021685978925002215,0.0,27606043
0.9790070974792735,0.020992902520726497,0.0,26510721
0.9796671488190877,0.020332851180912385,0.0,28963606
0.9793243410002365,0.02067565899976351,0.0,23203732
0.9798467172101377,0.020153282789862174,0.0,23090545
0.9790035915057291,0.02099640849427076,0.0,18363034
0.9792155686744476,0.020784431325552532,0.0,16833682
0.9793911757225447,0.020608824277455168,0.0,13411709
0.9784478444548744,0.021552155545125514,0.0,25939503
0.9790070974792735,0.020992902520726497,0.0,28110333
0.9793534316539684,0.020646568346031742,0.0,22456453
0.9790070974792735,0.020992902520726497,0.0,28220968
0.9792042548017629,0.020795745198237004,0.0,26555223
0.9793435031861049,0.0206564968138952,0.0,22939645
0.9803967832466435,0.01960321675335643,0.0,24499637
0.9793847470134875,0.02061525298651247,0.0,18307965
0.9790070974792735,0.020992902520726497,0.0,28909647
0.9790070974792735,0.020992902520726497,0.0,22642862
0.9790516862474973,0.020948313752502733,0.0,27365285
0.9796151045706182,0.020384895429381794,0.0,17939622
0.9789091919324989,0.021090808067501115,0.0,17876643
0.9793289439902313,0.020671056009768644,0.0,23214760
0.9790029410051441,0.02099705899485598,0.0,18179095
0.9795680167095034,0.020431983290496517,0.0,25884392
0.9790180716433787,0.02098192835662137,0.0,24493206
0.9802907869543291,0.019709213045670842,0.0,18042490
0.9790070974792735,0.020992902520726497,0.0,24775290
0.9790070974792735,0.020992902520726497,0.0,29347729
0.979251712569389,0.02074828743061105,0.0,17437510
0.9790070974792735,0.020992902520726497,0.0,20847352
0.9803229933288323,0.019677006671167653,0.0,23237541
0.9799206699966618,0.02007933000333806,0.0,19305815
0.9799498442131811,0.02005015578681888,0.0,19553637
0.9788564218604268,0.02114357813957326,0.0,19902243
0.9792245781950469,0.02077542180495313,0.0,23255148
0.979471969304484,0.020528030695516054,0.0,26832421
0.9790657111630352,0.020934288836964892,0.0,19256291
0.9788295789776658,0.021170421022334133,0.0,25349230
0.9799847332440572,0.020015266755942663,0.0,26075557
0.9790192580038863,0.020980741996113637,0.0,19266206
0.9797348028861254,0.020265197113874523,0.0,24748570
0.9793082159868433,0.02069178401315671,0.0,14180250
0.978555727859131,0.021444272140869056,0.0,19405891
0.977712402755503,0.02228759724449714,0.0,22037828
0.9761882341238142,0.023811765876185692,0.0,19469286
0.9790012050213143,0.020998794978685724,0.0,26607318
0.9795368960302159,0.020463103969784145,0.0,25713771
0.9800452645722977,0.01995473542770233,0.0,14893289
0.9790070974792735,0.020992902520726497,0.0,21017469
0.979772019953116,0.020227980046883923,0.0,19356165
0.9795423217122315,0.020457678287768455,0.0,21286611
0.9787164311094357,0.021283568890564333,0.0,24597399
0.9799024328348651,0.020097567165134913,0.0,23856787
0.9793860712702248,0.020613928729775174,0.0,25201550
0.9791060131831876,0.02089398681681245,0.0,28905556
0.9791253644068361,0.02087463559316389,0.0,28493672
0.980616145657165,0.019383854342834975,0.0,16223932
0.9790007625421798,0.020999237457820293,0.0,22137198
0.9795391205217651,0.020460879478234894,0.0,21230593
0.9793935070545431,0.020606492945456904,0.0,17091043
0.979350234700791,0.020649765299209123,0.0,29399792
0.979227772858738,0.020772227141262093,0.0,20626594
0.980105572024432,0.019894427975567945,0.0,13720967
0.9790070974792735,0.020992902520726497,0.0,23638789
0.9799460413606659,0.020053958639334086,0.0,24656114
0.9791813229504637,0.020818677049536317,0.0,23938227
0.9793856043883115,0.020614395611688492,0.0,18124120
0.9790070974792735,0.020992902520726497,0.0,20049925
0.9790070974792735,0.020992902520726497,0.0,25284576
0.9791982768848803,0.02080172311511971,0.0,18484085
0.9785391067953121,0.021460893204688008,0.0,19858009
0.9783658980562953,0.021634101943704843,0.0,18811601
0.9792350810059547,0.020764918994045253,0.0,23421203
0.9790070974792735,0.020992902520726497,0.0,27646484
0.9784064753080526,0.021593524691947367,0.0,24869508
0.9788381436715682,0.021161856328431827,0.0,14488745
0.9789943396349889,0.021005660365010947,0.0,16841538
0.9790192580038863,0.020980741996113637,0.0,18748895
0.9801165341135281,0.01988346588647197,0.0,26109822
0.9790070974792735,0.020992902520726497,0.0,16887477
0.9789988064314552,0.02100119356854473,0.0,23756821
0.9803616755069574,0.01963832449304261,0.0,24933108
0.9785291287233667,0.021470871276633316,0.0,17703959
0.9796209067426841,0.020379093257316058,0.0,23945243
0.9799630877535652,0.020036912246434814,0.0,16499244
0.9797690941200079,0.02023090587999204,0.0,20260699
0.9801340191852825,0.01986598081471741,0.0,25451293
0.9798206335214023,0.020179366478597725,0.0,13917361
0.9790070974792735,0.020992902520726497,0.0,25640412
0.9795732688264184,0.02042673117358156,0.0,20705065
0.9790519536901956,0.020948046309804545,0.0,18678795
0.9797611576204794,0.020238842379520658,0.0,27835263
0.9787559066268852,0.021244093373114756,0.0,17903217
0.9790070974792735,0.020992902520726497,0.0,25500943
0.979365348125192,0.020634651874808084,0.0,21758200
0.9789425045146992,0.02105749548530075,0.0,25510648
0.9804121050246276,0.019587894975372385,0.0,14735490
0.9792946167348673,0.020705383265132795,0.0,23903955
0.9790070974792735,0.020992902520726497,0.0,26198284
0.9803744751401282,0.019625524859871697,0.0,23663701
0.9799543249855278,0.020045675014472318,0.0,23003996
0.9798961606130882,0.020103839386911723,0.0,23295700
0.9797720403613918,0.02022795963860816,0.0,22959494
0.9790070974792735,0.020992902520726497,0.0,24441750
0.9795489896549795,0.020451010345020487,0.0,20332163
0.9796889767672501,0.020311023232749876,0.0,16214248
0.9790070974792735,0.020992902520726497,0.0,23696778
0.9788485006427257,0.02115149935727426,0.0,20091453
0.9788810658595059,0.02111893414049415,0.0,18721829
0.9790900064738439,0.020909993526156,0.0,20240267
0.9797520802224358,0.020247919777564183,0.0,23393968
0.9801358520116845,0.019864147988315373,0.0,23344609
0.9790070974792735,0.020992902520726497,0.0,19189951
0.9790523525665316,0.02094764743346834,0.0,18048348
0.9798109094282219,0.02018909057177808,0.0,14774565
0.9790070974792735,0.020992902520726497,0.0,24870013
0.9792322970506088,0.020767702949391252,0.0,23118228
0.9790070974792735,0.020992902520726497,0.0,20734926
0.9790070974792735,0.020992902520726497,0.0,26489484
0.9790560058717183,0.020943994128281757,0.0,19314883
0.9801901284997401,0.019809871500259823,0.0,20534366
0.9790070974792735,0.020992902520726497,0.0,23381933
0.9794220173783217,0.020577982621678353,0.0,23973853
0.9789999965362539,0.021000003463746215,0.0,17622774
0.9794029156636836,0.0205970843363165,0.0,16682086
0.9790070974792735,0.020992902520726497,0.0,29078505
0.9790070974792735,0.020992902520726497,0.0,26118781
0.9798533248757042,0.020146675124295705,0.0,24093699
0.9794298686002721,0.020570131399727857,0.0,27039017
0.9790983960013734,0.020901603998626644,0.0,26131515
0.9795882858047498,0.020411714195250362,0.0,18683570
0.9795144801001356,0.02048551989986437,0.0,18689367
0.9794224592678519,0.02057754073214814,0.0,19109376
0.9799689712662865,0.020031028733713575,0.0,17016849
0.9786759815785552,0.021324018421444824,0.0,16073536
0.9793472649071715,0.020652735092828434,0.0,15823855
0.9781186717930451,0.021881328206954983,0.0,12943181
0.9800523363814844,0.0199476636185156,0.0,26016370
0.9790063555488299,0.02099364445117019,0.0,29390728
0.9792232264457664,0.020776773554233602,0.0,16201308
0.9794417460358469,0.02055825396415319,0.0,21016170
0.978887348752968,0.021112651247031947,0.0,26167708
0.9790070974792735,0.020992902520726497,0.0,27493684
0.9793176483439446,0.020682351656055434,0.0,22367033
0.9789002346493791,0.02109976535062073,0.0,22969660
0.9790070974792735,0.020992902520726497,0.0,15648062
0.9790070974792735,0.020992902520726497,0.0,22736684
0.9794252578141532,0.02057474218584676,0.0,23255664
0.9801031380588436,0.01989686194115631,0.0,25496870
0.9790070974792735,0.020992902520726497,0.0,20542967
0.9784415105190428,0.021558489480957177,0.0,15434024
0.9790070974792735,0.020992902520726497,0.0,23008290
0.9778088143270621,0.022191185672937888,0.0,21481932
0.9789010566036621,0.02109894339633774,0.0,16745421
0.9801640668007562,0.019835933199243715,0.0,28154770
0.979435773347412,0.02056422665258799,0.0,19475609
0.9791574460350175,0.020842553964982583,0.0,24688898
0.980052968267605,0.01994703173239501,0.0,23064294
0.9790029372911117,0.020997062708888348,0.0,21203244
0.9789135873348639,0.021086412665136108,0.0,14235433
0.9790007394072074,0.020999260592792498,0.0,25735837
0.9799213259197332,0.020078674080266774,0.0,23320030
0.9790070974792735,0.020992902520726497,0.0,15863480
0.9788111252463388,0.021188874753661206,0.0,21403132
0.9793449422840032,0.020655057715996798,0.0,18666111
0.9797523184343938,0.020247681565606263,0.0,15875519
0.9792029140794576,0.020797085920542427,0.0,18476805
0.9792908629252606,0.020709137074739366,0.0,20131025
0.9796685179797611,0.02033148202023897,0.0,24513720
0.9799994964455168,0.020000503554483226,0.0,26654198
0.9790070974792735,0.020992902520726497,0.0,26961724
0.9790070974792735,0.020992902520726497,0.0,15009875
0.9791318129015731,0.020868187098426853,0.0,16839100
0.9790070974792735,0.020992902520726497,0.0,22830104
0.9791827719749358,0.02081722802506427,0.0,16968591
0.9790070974792735,0.020992902520726497,0.0,23552152
0.979435458513158,0.020564541486841854,0.0,25333093
0.9790517807850412,0.020948219214958798,0.0,28756470
0.9790595771128254,0.020940422887174563,0.0,24651860
0.9794447160010121,0.020555283998987817,0.0,25608645
0.9788290550606743,0.0211709449393257,0.0,21165301
0.9806366882266555,0.019363311773344674,0.0,24890552
0.9791311342318475,0.02086886576815246,0.0,24333159
0.9790070974792735,0.020992902520726497,0.0,20326889
0.9794655181314256,0.020534481868574296,0.0,16849970
0.9802895640292083,0.019710435970791633,0.0,22654170
0.9784234536722537,0.021576546327746266,0.0,18607582
0.9798459014521183,0.020154098547881635,0.0,26829148
0.9792640937392191,0.020735906260781,0.0,23146987
0.9787923211003985,0.021207678899601522,0.0,29429899
0.9790070974792735,0.020992902520726497,0.0,24743631
0.9799395307969447,0.020060469203055372,0.0,21314750
0.9787983672109599,0.021201632789040137,0.0,23346278
0.9790192580038863,0.020980741996113637,0.0,17404387
0.9796291590049342,0.020370840995065823,0.0,17336284
0.9796146996871274,0.020385300312872674,0.0,17743533
0.9788689037271859,0.021131096272814096,0.0,22636980
0.9793031021261611,0.02069689787383884,0.0,17103617
0.979768301796563,0.02023169820343716,0.0,23309443
0.9791204999714285,0.02087950002857158,0.0,21609665
0.9796703358328963,0.020329664167103714,0.0,28044455
0.9796857378786972,0.02031426212130275,0.0,23990144
0.979781446921931,0.020218553078069024,0.0,20890109
0.9801075896804453,0.0198924103195547,0.0,20888973
0.9796063679058501,0.020393632094149912,0.0,17411675
0.9797539388941148,0.020246061105885258,0.0,20825701
0.9790070974792735,0.020992902520726497,0.0,21257261
0.979669579804646,0.02033042019535412,0.0,19425253
0.9790556335531929,0.020944366446807094,0.0,16616493
0.9783286306789515,0.021671369321048472,0.0,19090373
0.9794849956450388,0.020515004354961158,0.0,16157961
0.9792366583186868,0.020763341681313184,0.0,26645356
0.9793588561233104,0.02064114387668949,0.0,20651417
0.9803780066954221,0.01962199330457804,0.0,17168265
0.9800251373739776,0.019974862626022355,0.0,25500128
0.9792774927416702,0.02072250725832997,0.0,26715328
0.9800218563609744,0.01997814363902555,0.0,21677646
0.9796715369358151,0.020328463064184826,0.0,18224219
0.9794779074318131,0.020522092568186864,0.0,18591044
0.9791017629076265,0.02089823709237348,0.0,20088420
0.9784723305039275,0.0215276694960726,0.0,27921290
0.9793825996897451,0.020617400310254972,0.0,25496514
0.9798505602927837,0.020149439707216214,0.0,25755161
0.9798674869941626,0.02013251300583738,0.0,23790550
0.9793989277858782,0.020601072214121816,0.0,28490860
0.9790070974792735,0.020992902520726497,0.0,25189552
0.9790070974792735,0.020992902520726497,0.0,24094615
0.9790070974792735,0.020992902520726497,0.0,28174640
0.9791253644068361,0.02087463559316389,0.0,25241591
0.9790070974792735,0.020992902520726497,0.0,18900970
0.978471083716355,0.021528916283644842,0.0,20863734
0.9787557828953382,0.021244217104661834,0.0,25278769
0.9800972435859028,0.019902756414097278,0.0,28041597
0.9790070974792735,0.020992902520726497,0.0,19977567
0.9792384221429657,0.02076157785703417,0.0,21331136
0.9794869664378562,0.02051303356214388,0.0,23167391
0.9793506088867615,0.02064939111323844,0.0,25373283
0.9790070974792735,0.020992902520726497,0.0,25229781
0.9782897287485044,0.02171027125149559,0.0,18162391
0.9793406720329181,0.020659327967081847,0.0,15164035
0.9798890519324454,0.020110948067554583,0.0,19564846
0.9798932275227255,0.02010677247727448,0.0,24912218
0.9790870999164052,0.020912900083594695,0.0,22720443
0.9795362100189516,0.02046378998104836,0.0,14650914
0.9793210867041774,0.020678913295822558,0.0,28621071
0.9797588143382618,0.020241185661738107,0.0,18348522
0.9793162332822053,0.020683766717794795,0.0,14176098
0.9790070974792735,0.020992902520726497,0.0,19417602
0.9791326238456227,0.02086737615437721,0.0,28537791
0.9795124997191876,0.020487500280812365,0.0,22711108
0.9794383440321415,0.02056165596785855,0.0,20664724
0.980181545397409,0.019818454602591195,0.0,19924645
0.9794528500311734,0.02054714996882656,0.0,14814984
0.9790070974792735,0.020992902520726497,0.0,21220808
0.9805880691176162,0.019411930882383934,0.0,21870234
0.9791206046743581,0.020879395325641845,0.0,18831717
0.9790029410051441,0.02099705899485598,0.0,25326085
0.9799422363756949,0.020057763624305138,0.0,22585567
0.9789685798208265,0.021031420179173418,0.0,18700165
0.9792851513971268,0.020714848602873183,0.0,25624417
0.9790583727467215,0.020941627253278586,0.0,28642694
0.9790070974792735,0.020992902520726497,0.0,27921838
0.9794843092472801,0.02051569075271985,0.0,24961446
0.9798602857494199,0.02013971425058,0.0,24314444
0.9788146412827823,0.021185358717217603,0.0,14211067
0.9798193253420858,0.02018067465791406,0.0,24053433
0.9791166739519372,0.020883326048062766,0.0,25900680
0.9790070974792735,0.020992902520726497,0.0,22009537
0.9800830814426134,0.01991691855738656,0.0,23850990
0.9790070974792735,0.020992902520726497,0.0,27095033
0.9790767284824017,0.020923271517598402,0.0,26824903
0.9788295793067282,0.02117042069327189,0.0,17651913
0.9791681820901154,0.02083181790988471,0.0,16997585
0.979088556346522,0.020911443653477878,0.0,23417647
0.9794864384411528,0.020513561558847218,0.0,15477567
0.9786966603848873,0.02130333961511266,0.0,20874243
0.9794210293378924,0.020578970662107718,0.0,17082078
0.9787580607447793,0.02124193925522066,0.0,20498295
0.9789999965362539,0.021000003463746215,0.0,14519321
0.9798273557793742,0.020172644220625823,0.0,17844837
0.9786197635297601,0.02138023647023994,0.0,17690804
0.9790070974792735,0.020992902520726497,0.0,20388962
0.980032879814423,0.019967120185576975,0.0,20533189
0.9795909962954197,0.020409003704580292,0.0,21942518
0.9797071646299838,0.020292835370016207,0.0,25358126
0.9806564137788181,0.019343586221181992,0.0,25600499
0.9799713529768673,0.020028647023132645,0.0,19249942
0.9796597355993737,0.020340264400626185,0.0,16939097
0.9795818546293903,0.020418145370609833,0.0,17511317
0.979646165889661,0.020353834110338927,0.0,19052586
0.9793215096170519,0.02067849038294798,0.0,17015768
0.9794764509746184,0.020523549025381595,0.0,24513213
0.9790070974792735,0.020992902520726497,0.0,21278359
0.9789121959663571,0.021087804033642788,0.0,27424422
0.978829786442777,0.02117021355722302,0.0,17127016
0.9790070974792735,0.020992902520726497,0.0,23728523
0.979790256184949,0.02020974381505119,0.0,29084492
0.9790070974792735,0.020992902520726497,0.0,20471473
0.9792534915078757,0.020746508492124262,0.0,25738165
0.9788443303073977,0.02115566969260241,0.0,16835180
0.979351682333516,0.0206483176664841,0.0,14580574
0.9802237137409551,0.01977628625904484,0.0,25348676
0.9792041211539299,0.02079587884607014,0.0,18843722
0.9789507037248967,0.021049296275103244,0.0,18206620
0.9790490633707455,0.02095093662925448,0.0,16740575
0.9793989391450412,0.020601060854958848,0.0,26226380
0.9790070974792735,0.020992902520726497,0.0,26666466
0.9793265748566854,0.020673425143314557,0.0,27040325
0.9792048069589533,0.020795193041046794,0.0,16257817
0.9792089072805906,0.02079109271940937,0.0,23558112
0.9800089160353612,0.019991083964638813,0.0,23360273
0.9790070974792735,0.020992902520726497,0.0,25658946
0.9800935550495176,0.019906444950482296,0.0,17705782
0.9790070974792735,0.020992902520726497,0.0,25207885
0.9791759528031958,0.020824047196804113,0.0,18323497
0.9790070974792735,0.020992902520726497,0.0,17700191
0.9795931274937542,0.020406872506245913,0.0,17613979
0.9791146352947592,0.020885364705240793,0.0,16297799
0.9794087569697599,0.020591243030240024,0.0,26711512
0.9790279359023516,0.020972064097648527,0.0,26395165
0.9797993918379689,0.02020060816203111,0.0,22599629
0.9798976764625457,0.020102323537454454,0.0,26023487
0.9788454708745217,0.021154529125478265,0.0,25803125
0.9786289185341568,0.021371081465843166,0.0,18550048
0.9790070974792735,0.020992902520726497,0.0,28212807
0.9796014217924461,0.020398578207553735,0.0,27371292
0.9790271519130138,0.020972848086986306,0.0,21525744
0.9803200661781466,0.019679933821853277,0.0,18504707
0.9800109017392002,0.019989098260799726,0.0,19647385
0.9791707191198027,0.020829280880197226,0.0,16626729
0.9786942375305256,0.021305762469474306,0.0,20089433
0.9795988446057134,0.02040115539428668,0.0,24169982
0.9793037086230602,0.020696291376939756,0.0,20817418
0.9804109996333522,0.019589000366647926,0.0,24492591
0.9790070974792735,0.020992902520726497,0.0,23256495
0.9790070974792735,0.020992902520726497,0.0,23580818
0.9799530564157217,0.0200469435842783,0.0,25380907
0.9790095215710544,0.020990478428945646,0.0,18319508
0.9793854842806586,0.02061451571934132,0.0,17285671
0.978849479728566,0.021150520271434096,0.0,21896772
0.9802719604011298,0.019728039598869995,0.0,15947464
0.9796375516964227,0.020362448303577203,0.0,28152056
0.980418129622232,0.01958187037776808,0.0,23552880
0.978126570858784,0.021873429141215924,0.0,13746906
0.9795583886350728,0.02044161136492709,0.0,13534268
0.9796872345847816,0.02031276541521848,0.0,16452011
0.9789087703719805,0.02109122962801947,0.0,14799539
0.9790070974792735,0.020992902520726497,0.0,25742355
0.9793287053577486,0.020671294642251356,0.0,17907979
0.9790070974792735,0.020992902520726497,0.0,24185585
0.9790070974792735,0.020992902520726497,0.0,25415363
0.9790070974792735,0.020992902520726497,0.0,21240602
0.9796100116889895,0.020389988311010614,0.0,24450388
0.9795384254004184,0.020461574599581655,0.0,26214366
0.9793284785966965,0.020671521403303583,0.0,29426570
0.980190865709696,0.01980913429030384,0.0,25758593
0.9801886574469174,0.01981134255308263,0.0,20006332
0.9781303242888284,0.021869675711171595,0.0,16386254
0.9801435663382537,0.01985643366174638,0.0,13561478
0.9790070974792735,0.020992902520726497,0.0,24855191
0.9798325347530771,0.020167465246922884,0.0,23862203
0.979502891583713,0.020497108416287033,0.0,18880274
0.9799609980522355,0.020039001947764406,0.0,20421998
0.9790070974792735,0.020992902520726497,0.0,25372468
0.9790070974792735,0.020992902520726497,0.0,27496427
0.9793857005190754,0.02061429948092457,0.0,16487399
0.9794215778814657,0.02057842211853428,0.0,17011657
0.9790070974792735,0.020992902520726497,0.0,27951407
0.9790070974792735,0.020992902520726497,0.0,24276106
0.9799991220244302,0.02000087797556998,0.0,23274630
0.9790562348700849,0.02094376512991525,0.0,25839062
0.9801896312026002,0.01981036879739982,0.0,27710817
0.9798473888784172,0.020152611121582783,0.0,25324989
0.97962483822897,0.02037516177103015,0.0,23403066
0.9798978808790947,0.020102119120905405,0.0,21377134
0.9796557671875037,0.02034423281249636,0.0,24994223
0.9790070974792735,0.020992902520726497,0.0,22437449
0.9790070974792735,0.020992902520726497,0.0,22789307
0.978833452660764,0.021166547339235866,0.0,28428919
0.9803238658689348,0.019676134131065073,0.0,22458205
0.9790070974792735,0.020992902520726497,0.0,26158745
0.9781765814482697,0.021823418551730457,0.0,19311943
0.9790070974792735,0.020992902520726497,0.0,25141561
0.9795695963374549,0.02043040366254513,0.0,19024329
0.9793076189548686,0.020692381045131426,0.0,22811116
0.9797523651562092,0.020247634843790902,0.0,26163309
0.9790070974792735,0.020992902520726497,0.0,24928814
0.9790070974792735,0.020992902520726497,0.0,15852197
0.9789213142692147,0.021078685730785387,0.0,21727043
0.9785874557790538,0.021412544220946125,0.0,27630552
0.9802159446304122,0.019784055369587935,0.0,19254273
0.9790070974792735,0.020992902520726497,0.0,12819112
0.9790070974792735,0.020992902520726497,0.0,20252069
0.9790070974792735,0.020992902520726497,0.0,17217075
0.9778003793997545,0.022199620600245443,0.0,17462935
0.9790140348976347,0.02098596510236544,0.0,20819499
0.9798923644486304,0.020107635551369595,0.0,23460551
0.9804983905035386,0.01950160949646145,0.0,22366008
0.9795732457924294,0.020426754207570497,0.0,23184996
0.9790070974792735,0.020992902520726497,0.0,21950018
0.9794407812573928,0.020559218742607164,0.0,20641165
0.9790070974792735,0.020992902520726497,0.0,21363819
0.9793056367233842,0.020694363276615682,0.0,19895771
0.9800834783360539,0.01991652166394617,0.0,26886141
0.9792863039131946,0.020713696086805594,0.0,15905596
0.9783616635999645,0.02163833640003556,0.0,24235880
0.9795242355428482,0.020475764457151872,0.0,19878273
0.9790173802797678,0.020982619720232125,0.0,27070202
0.9795015602778483,0.02049843972215167,0.0,23693217
0.9790070974792735,0.020992902520726497,0.0,24689992
0.9790070974792735,0.020992902520726497,0.0,19317363
0.9792618257054647,0.020738174294535346,0.0,22068250
0.9795702014689669,0.020429798531032946,0.0,19032978
0.9793757379571,0.02062426204290001,0.0,23265267
0.9795074751643345,0.020492524835665445,0.0,16998963
0.9792442680163881,0.020755731983611938,0.0,22086120
0.9797992902319445,0.02020070976805544,0.0,24950963
0.9785441389548712,0.021455861045128685,0.0,18604433
0.9793531271278466,0.020646872872153468,0.0,15592201
0.9790853027646321,0.020914697235368023,0.0,24027342
0.9791253644068361,0.02087463559316389,0.0,28680239
0.9790070974792735,0.020992902520726497,0.0,29081818
0.9790070974792735,0.020992902520726497,0.0,26953720
0.978874885662935,0.021125114337064998,0.0,17627890
0.9790070974792735,0.020992902520726497,0.0,27759094
0.9796459215561957,0.020354078443804397,0.0,22908455
0.9795582062567787,0.020441793743221415,0.0,22416714
0.9794864274853345,0.0205135725146655,0.0,24827161
0.9796205632224507,0.02037943677754924,0.0,24307998
0.9801247520553579,0.019875247944642217,0.0,19243836
0.9790070974792735,0.020992902520726497,0.0,18750912
0.9797838011074735,0.02021619889252653,0.0,17163190
0.9801681892874019,0.019831810712597913,0.0,26190714
0.9790070974792735,0.020992902520726497,0.0,23706997
0.9793304889363699,0.020669511063630085,0.0,23961216
0.9794786471157403,0.0205213528842598,0.0,22818641
0.9797306330720514,0.020269366927948562,0.0,18179021
0.9790070974792735,0.020992902520726497,0.0,24933155
0.9790070974792735,0.020992902520726497,0.0,14802189
0.9791549670145273,0.02084503298547262,0.0,23316220
0.9801004769496094,0.019899523050390642,0.0,18039104
0.9803648862205643,0.01963511377943587,0.0,20539727
0.9799444273097578,0.0200555726902422,0.0,29089396
0.9791253644068361,0.02087463559316389,0.0,26260567
0.9796065786907888,0.02039342130921124,0.0,16500125
0.9781333725542827,0.021866627445717355,0.0,21639302
0.9796671209685495,0.020332879031450497,0.0,23656003
0.9791355165669239,0.020864483433076036,0.0,17671627
0.9790070974792735,0.020992902520726497,0.0,24789704
0.9790070974792735,0.020992902520726497,0.0,20082098
0.9790070974792735,0.020992902520726497,0.0,22746830
0.9790070974792735,0.020992902520726497,0.0,25403336
0.9790070974792735,0.020992902520726497,0.0,21939265
0.9790070974792735,0.020992902520726497,0.0,26760239
0.9796489260816473,0.02035107391835258,0.0,29323706
0.9802170797339038,0.019782920266096255,0.0,24567705
0.9789998276009861,0.021000172399013837,0.0,18754889
0.9790070974792735,0.020992902520726497,0.0,18135492
0.9797068866576426,0.02029311334235724,0.0,16685376
0.9788295789779201,0.02117042102207976,0.0,17202736
0.9803600333243806,0.019639966675619427,0.0,21037925
0.9790424206941862,0.02095757930581373,0.0,22136019
0.9793315681077966,0.02066843189220339,0.0,19154832
0.9783013434087875,0.021698656591212413,0.0,25219415
0.9781001238890163,0.021899876110983502,0.0,20344829
0.9790192580038863,0.020980741996113637,0.0,22772299
0.9790192580038863,0.020980741996113637,0.0,27273991
0.9793558638615519,0.02064413613844801,0.0,24758536
0.979352614184875,0.02064738581512497,0.0,19824310
0.9802294868484659,0.019770513151534264,0.0,22945315
0.9800969842412699,0.019903015758730006,0.0,25800429
0.9790070974792735,0.020992902520726497,0.0,29307099
0.9789932066882833,0.021006793311716784,0.0,21397015
0.979786477337238,0.020213522662762006,0.0,17795652
0.9792855688595856,0.02071443114041447,0.0,27013831
0.9785378576307049,0.02146214236929511,0.0,26895460
0.9790070974792735,0.020992902520726497,0.0,25069392
0.9801768916017637,0.019823108398236425,0.0,24045445
0.9790070974792735,0.020992902520726497,0.0,28080973
0.9796443866268443,0.02035561337315574,0.0,16855639
0.9790070974792735,0.020992902520726497,0.0,25753123
0.9790192580038863,0.020980741996113637,0.0,27132314
0.9790029410051441,0.02099705899485598,0.0,22146680
0.9798403397230614,0.020159660276938596,0.0,20314687
0.978813718151893,0.021186281848106878,0.0,18163008
0.9792985957679564,0.020701404232043693,0.0,16023581
0.979533790393384,0.020466209606616135,0.0,27979674
0.9790070974792735,0.020992902520726497,0.0,25863585
0.980022011938636,0.019977988061364024,0.0,14326093
0.9801458762420627,0.019854123757937183,0.0,22939485
0.9793451019541333,0.020654898045866767,0.0,23489073
0.979021870681424,0.02097812931857598,0.0,20256071
0.9790070974792735,0.020992902520726497,0.0,20970029
0.979487049939981,0.02051295006001883,0.0,25670737
0.9796925013634795,0.020307498636520586,0.0,27446180
0.9794143204035406,0.020585679596459266,0.0,19676446
0.9790841306981807,0.02091586930181932,0.0,17989512
0.9796533269298674,0.02034667307013253,0.0,16975480
0.9790070974792735,0.020992902520726497,0.0,24234197
0.9795214834380358,0.02047851656196419,0.0,24562459
0.9790070974792735,0.020992902520726497,0.0,28630996
0.9796693025951498,0.020330697404850086,0.0,24470771
0.9798093282960696,0.020190671703930473,0.0,16009201
0.9793572894589192,0.020642710541080654,0.0,25415756
0.9790070974792735,0.020992902520726497,0.0,23698789
0.9790660420563748,0.020933957943625178,0.0,19464790
0.9790070974792735,0.020992902520726497,0.0,21638831
0.9790070974792735,0.020992902520726497,0.0,23048862
0.9804023272289979,0.01959767277100224,0.0,25166007
0.980000995068676,0.019999004931324123,0.0,24131060
0.9791253644068361,0.02087463559316389,0.0,28342576
0.9797812606032139,0.020218739396786128,0.0,15749223
0.9798977442053721,0.02010225579462788,0.0,14514709
0.9792942528632015,0.02070574713679842,0.0,27565067
0.9799411520058352,0.020058847994164852,0.0,27811494
0.9753798360012447,0.02462016399875531,0.0,23018802
0.9794645678657058,0.020535432134294204,0.0,16422197
0.9794898393535676,0.02051016064643249,0.0,23387947
0.9797554043383941,0.020244595661605806,0.0,25779909
0.9796061972725705,0.020393802727429567,0.0,15219298
0.9791309884538606,0.02086901154613949,0.0,25134067
0.9790070974792735,0.020992902520726497,0.0,18794648
0.9793309648129217,0.02066903518707836,0.0,14474708
0.9790450320822676,0.020954967917732367,0.0,22514421
0.9788849167625467,0.021115083237453234,0.0,16429258
0.9792547600802527,0.020745239919747225,0.0,27636671
0.9787892671587403,0.021210732841259683,0.0,23989646
0.9805006939157929,0.019499306084207076,0.0,14519704
0.9791191466493747,0.02088085335062533,0.0,23137364
0.9795737284729883,0.020426271527011753,0.0,14079801
0.9790558917595865,0.020944108240413404,0.0,25202971
0.9790029410051441,0.02099705899485598,0.0,23145192
0.9790070974792735,0.020992902520726497,0.0,21465223
0.9798139277558082,0.02018607224419175,0.0,23974069
0.9788407427793919,0.021159257220608026,0.0,16234610
0.9790560058717183,0.020943994128281757,0.0,23647433
0.9754675859533976,0.024532414046602443,0.0,15492237
0.9790384187192634,0.020961581280736455,0.0,25572624
0.9792480446643178,0.020751955335682158,0.0,26617594
0.9790070974792735,0.020992902520726497,0.0,26162505
0.9790070974792735,0.020992902520726497,0.0,24183816
0.9793636592097527,0.020636340790247367,0.0,19469310
0.979363580553375,0.020636419446624872,0.0,17595896
0.9795029063023681,0.020497093697631887,0.0,14941375
0.9789522090883124,0.021047790911687635,0.0,18497409
0.9790070974792735,0.020992902520726497,0.0,28626142
0.9786237514588605,0.021376248541139564,0.0,25761629
0.9788327846493742,0.021167215350625837,0.0,25798052
0.9800961969003378,0.019903803099662207,0.0,16288013
0.979828162740678,0.020171837259321958,0.0,22869252
0.9790070974792735,0.020992902520726497,0.0,29160791
0.9795507452393487,0.020449254760651375,0.0,27703541
0.9792437350386031,0.020756264961396997,0.0,17653374
0.9796454277277937,0.020354572272206297,0.0,23907218
0.9794634774722911,0.02053652252770887,0.0,22761589
0.9794047559177975,0.02059524408220256,0.0,20632105
0.9789535191955934,0.021046480804406572,0.0,25749221
0.9790070974792735,0.020992902520726497,0.0,25919768
0.9790192580038863,0.020980741996113637,0.0,17437290
0.9790192580038863,0.020980741996113637,0.0,24880106
0.9783145930643551,0.021685406935644875,0.0,18139474
0.979958318731181,0.020041681268819143,0.0,25641519
0.9789209477876538,0.021079052212346114,0.0,24095440
0.9800341507251681,0.01996584927483198,0.0,24619267
0.9795911892416433,0.02040881075835678,0.0,20746354
0.979746854333638,0.020253145666362184,0.0,19951671
0.979375369230923,0.02062463076907701,0.0,14728624
0.9798974239790592,0.020102576020940822,0.0,22568822
0.9781139034373804,0.021886096562619667,0.0,19332720
0.9796886928728958,0.020311307127104095,0.0,22806287
0.9806131809007802,0.019386819099219674,0.0,25166682
0.979703103383276,0.020296896616724045,0.0,28468217
0.9790070974792735,0.020992902520726497,0.0,29008102
0.9796341926917163,0.02036580730828369,0.0,21263914
0.9790808454382895,0.020919154561710406,0.0,16398117
0.9790116565252177,0.020988343474782185,0.0,21306653
0.9795932120964855,0.020406787903514564,0.0,25760450
0.9798994304266253,0.02010056957337475,0.0,18794701
0.9790070974792735,0.020992902520726497,0.0,25257911
0.9790070974792735,0.020992902520726497,0.0,21567948
0.9786612079237006,0.021338792076299493,0.0,25618261
0.9790070974792735,0.020992902520726497,0.0,24814955
0.9798680699515706,0.020131930048429378,0.0,23451832
0.9793645438093485,0.02063545619065162,0.0,26669474
0.9789778943701746,0.02102210562982542,0.0,26159331
0.9790012520827448,0.020998747917255117,0.0,25154144
0.9792172007089629,0.020782799291037123,0.0,14230204
0.9798358512320011,0.020164148767998893,0.0,24430803
0.9794253826616715,0.020574617338328514,0.0,20446132
0.9789170147765325,0.021082985223467576,0.0,16023551
0.9789343394679358,0.021065660532064132,0.0,24532815
0.9793734775734144,0.020626522426585716,0.0,16483084
0.9787431379052776,0.02125686209472249,0.0,23304928
0.9792756332352195,0.02072436676478057,0.0,27603833
0.9790070974792735,0.020992902520726497,0.0,27674569
0.9790070974792735,0.020992902520726497,0.0,27538293
0.9791593586875982,0.02084064131240178,0.0,16760353
0.97923565272517,0.02076434727482997,0.0,15717552
0.978965959597124,0.02103404040287618,0.0,22497020
0.9801726482770482,0.01982735172295195,0.0,17324375
0.979667760849129,0.02033223915087113,0.0,18700579
0.9800441718308874,0.019955828169112413,0.0,22933760
0.9793240153455859,0.020675984654414233,0.0,25134619
0.9790070974792735,0.020992902520726497,0.0,19870272
0.9790070974792735,0.020992902520726497,0.0,16697301
0.9797875772438478,0.020212422756152218,0.0,22766134
0.9794412929008053,0.020558707099194783,0.0,21693761
0.9795013891105971,0.020498610889402902,0.0,23152424
0.9798087716654834,0.02019122833451654,0.0,28076889
0.9795401972479009,0.020459802752099056,0.0,21567317
0.9794673308730708,0.02053266912692917,0.0,17600202
0.9790070974792735,0.020992902520726497,0.0,21697145
0.9791309178789153,0.02086908212108475,0.0,25987147
0.9799379971180926,0.02006200288190754,0.0,25799124
0.9790347247878811,0.02096527521211893,0.0,16786225
0.9797551727689852,0.020244827231014815,0.0,21816791
0.9788634239850841,0.021136576014915955,0.0,16984798
0.9799831484585565,0.020016851541443427,0.0,25604232
0.9799539584784603,0.02004604152153963,0.0,20680086
0.9790492174599631,0.020950782540036902,0.0,21028356
0.9797999071839555,0.020200092816044585,0.0,14963561
0.9797428701200742,0.020257129879925766,0.0,24815673
0.9790070974792735,0.020992902520726497,0.0,25133370
0.9793526316802553,0.020647368319744633,0.0,19915679
0.9794280772161684,0.02057192278383157,0.0,21612503
0.9790070974792735,0.020992902520726497,0.0,26539728
0.9790070974792735,0.020992902520726497,0.0,29071529
0.9790070974792735,0.020992902520726497,0.0,28666893
0.9790070974792735,0.020992902520726497,0.0,22069805
0.9794966598418013,0.020503340158198716,0.0,27739959
0.9790070974792735,0.020992902520726497,0.0,24206403
0.9788449935477573,0.021155006452242706,0.0,25713225
0.9790070974792735,0.020992902520726497,0.0,17451652
0.9799260698314081,0.020073930168591866,0.0,29172205
0.9789519676953685,0.02104803230463153,0.0,17611424
0.9790070974792735,0.020992902520726497,0.0,15326730
0.9801897558303464,0.01981024416965358,0.0,23394046
0.9790773974048231,0.020922602595176948,0.0,22406785
0.9785488709551377,0.02145112904486232,0.0,16558145
0.9797851562253322,0.020214843774667715,0.0,24836278
0.9790676008557161,0.020932399144283888,0.0,17144479
0.9788472286698314,0.021152771330168595,0.0,18918043
0.9797988104681709,0.02020118953182916,0.0,25200460
0.9790070974792735,0.020992902520726497,0.0,22783260
0.9791835664772547,0.02081643352274516,0.0,21733668
0.9793406455806776,0.020659354419322394,0.0,13941036
0.9793421851888126,0.0206578148111875,0.0,16032060
0.9790775354309279,0.020922464569072093,0.0,21257453
0.9792142287951705,0.02078577120482935,0.0,19830263
0.9794455367597625,0.02055446324023754,0.0,20463115
0.9797791001392937,0.02022089986070634,0.0,21825915
0.9790070974792735,0.020992902520726497,0.0,28106445
0.9790070974792735,0.020992902520726497,0.0,16627373
0.9790070974792735,0.020992902520726497,0.0,23338716
0.9790070974792735,0.020992902520726497,0.0,17314923
0.9795680634506544,0.020431936549345626,0.0,19618484
0.9791245272586483,0.02087547274135175,0.0,18077492
0.9790845585718919,0.02091544142810808,0.0,13218704
0.9790070974792735,0.020992902520726497,0.0,21917290
0.9787871256962472,0.021212874303752932,0.0,20353266
0.9785093722286589,0.021490627771341118,0.0,17541703
0.9784269293904346,0.021573070609565554,0.0,25269272
0.9796664927897565,0.020333507210243552,0.0,14076856
0.9790908902713513,0.020909109728648734,0.0,25330847
0.979078557818478,0.02092144218152193,0.0,14913736
0.9790070974792735,0.020992902520726497,0.0,26626761
0.9790070974792735,0.020992902520726497,0.0,23114800
0.9792758134488311,0.02072418655116895,0.0,25755499
0.9795658533507072,0.020434146649292793,0.0,21438690
0.9790070974792735,0.020992902520726497,0.0,29292863
0.9790070974792735,0.020992902520726497,0.0,23671943
0.9790070974792735,0.020992902520726497,0.0,25237310
0.9793939192804796,0.020606080719520328,0.0,14674695
0.9788312838255583,0.021168716174441767,0.0,14759766
0.9789709046203691,0.021029095379630842,0.0,26426036
0.9790070974792735,0.020992902520726497,0.0,20981579
0.9789999965362539,0.021000003463746215,0.0,28565397
0.9797364347169903,0.02026356528300978,0.0,22665561
0.9790748732123583,0.020925126787641808,0.0,18154507
0.9790070974792735,0.020992902520726497,0.0,20451956
0.9781422084584092,0.02185779154159083,0.0,17031349
0.9795967639254012,0.02040323607459884,0.0,19080070
0.9795537411822659,0.020446258817734042,0.0,20625692
0.9799584747595537,0.020041525240446355,0.0,15901581
0.9790093243005626,0.020990675699437397,0.0,29480761
0.9785059067386257,0.021494093261374473,0.0,23524546
0.9787632149921128,0.021236785007887317,0.0,19367606
0.9794832075502732,0.02051679244972681,0.0,18708020
0.9790070974792735,0.020992902520726497,1.0,24170185
0.9790070974792735,0.020992902520726497,1.0,18940186
0.979812473631799,0.020187526368200828,1.0,15392585
0.9791733131284552,0.020826686871544722,1.0,19614438
0.9783197610224098,0.02168023897759012,1.0,16483936
0.9790070974792735,0.020992902520726497,1.0,15303090
0.9788639839455613,0.021136016054438687,1.0,29429720
0.9784575544722528,0.021542445527747287,1.0,23110713
0.9790192580038863,0.020980741996113637,1.0,15628165
0.9791807106436123,0.020819289356387743,1.0,17079533
0.9790070974792735,0.020992902520726497,1.0,18820367
0.9788683132468117,0.021131686753188376,1.0,19021916
0.9799823691097201,0.02001763089027987,1.0,15741811
0.9789308648711464,0.021069135128853514,1.0,23039852
0.9790070974792735,0.020992902520726497,1.0,14957838
0.979008771928197,0.02099122807180309,1.0,24609617
0.9810561225641443,0.018943877435855655,1.0,21997434
0.9796448811734139,0.020355118826586166,1.0,16811773
0.9790070974792735,0.020992902520726497,1.0,23754890
0.9790282964223477,0.020971703577652424,0.0,17911185
0.9792514236252728,0.02074857637472714,0.0,20363106
0.9790001339062328,0.0209998660937673,0.0,25567213
0.9793144329602552,0.020685567039744827,0.0,21065329
0.9790070974792735,0.020992902520726497,0.0,19072184
0.9790070974792735,0.020992902520726497,0.0,21526882
0.9790070974792735,0.020992902520726497,0.0,22557312
0.9788941864482288,0.02110581355177119,0.0,25272235
0.9794818953353048,0.020518104664695277,0.0,26319215
0.9799790321541496,0.02002096784585044,0.0,24002285
0.9797695575755355,0.02023044242446458,0.0,14660258
0.9790343972392668,0.020965602760733143,0.0,25223828
0.9796695591863812,0.020330440813618712,0.0,18179378
0.9790449064893095,0.020955093510690526,0.0,14689542
0.9800479159048253,0.01995208409517456,0.0,16358400
0.9790070974792735,0.020992902520726497,0.0,25633394
0.9803186244073425,0.019681375592657487,0.0,24212942
0.9791341501861621,0.02086584981383797,0.0,24564794
0.9787045839906487,0.021295416009351337,0.0,21793674
0.9797640120932448,0.020235987906755327,0.0,25174729
0.9796521766536431,0.02034782334635679,0.0,19155686
0.9790070974792735,0.020992902520726497,0.0,18826178
0.9797641926620704,0.020235807337929554,0.0,24991051
0.9790070974792735,0.020992902520726497,0.0,24413997
0.9792067198715,0.020793280128499958,0.0,24421821
0.9786114772333467,0.02138852276665321,0.0,20070951
0.9786724756780996,0.021327524321900333,0.0,26572073
0.9790070974792735,0.020992902520726497,0.0,24532438
0.9794568453330719,0.02054315466692816,0.0,26928956
0.9799320989593783,0.02006790104062165,0.0,18277191
0.9790070974792735,0.020992902520726497,0.0,28908251
0.9791088231832672,0.020891176816732724,0.0,15052186
0.9803265600834005,0.019673439916599686,0.0,16168452
0.9790070974792735,0.020992902520726497,0.0,23147005
0.9795484347879865,0.020451565212013537,0.0,15318415
0.9790070974792735,0.020992902520726497,0.0,24283663
0.9789009061384742,0.02109909386152573,0.0,21022204
0.9790070974792735,0.020992902520726497,0.0,16245213
0.9795658660524136,0.02043413394758643,0.0,25423722
0.9793085168247363,0.020691483175263637,0.0,20507537
0.9801499483710949,0.019850051628905036,0.0,23469884
0.9795151535457535,0.020484846454246343,0.0,24247034
0.9803173003741109,0.019682699625889113,0.0,21014711
0.9790070974792735,0.020992902520726497,0.0,23848212
0.9786486691276548,0.021351330872345257,0.0,17628657
0.9790070974792735,0.020992902520726497,0.0,19085705
0.9790210416353895,0.020978958364610598,0.0,25045073
0.980321405961636,0.01967859403836389,0.0,15240733
0.978783842047787,0.021216157952212863,0.0,23895547
0.9790070974792735,0.020992902520726497,0.0,15557776
0.9790070974792735,0.020992902520726497,0.0,22558170
0.9784046983569638,0.021595301643036184,0.0,15296921
0.9790070974792735,0.020992902520726497,0.0,21707582
0.9790070974792735,0.020992902520726497,0.0,22991030
0.9789407547313885,0.021059245268611474,0.0,21596154
0.979606503517752,0.020393496482247992,0.0,26232323
0.9790070974792735,0.020992902520726497,0.0,23064361
0.9793854800915508,0.020614519908449196,0.0,24734730
0.9794415774566989,0.020558422543301192,0.0,21223909
0.9791178322375083,0.02088216776249187,0.0,27096453
0.9790070974792735,0.020992902520726497,0.0,23123386
0.9789988064314552,0.02100119356854473,0.0,27112731
0.9790510530657931,0.02094894693420681,0.0,17189639
0.9794350295808442,0.020564970419155833,0.0,21915034
0.979382372384348,0.02061762761565202,0.0,21320279
0.9795581097179253,0.02044189028207461,0.0,28885430
0.9790070974792735,0.020992902520726497,0.0,20632443
0.9790070974792735,0.020992902520726497,0.0,21781317
0.979190238114317,0.020809761885682954,0.0,24077349
0.9799752497305149,0.02002475026948504,0.0,19998706
0.9790016029719033,0.020998397028096655,0.0,25587151
0.9790070974792735,0.020992902520726497,0.0,24320021
0.9789988064314552,0.02100119356854473,0.0,20523269
0.9792489588107455,0.020751041189254523,0.0,18230557
0.9791335475138843,0.02086645248611588,0.0,25753664
0.978997896868679,0.02100210313132103,0.0,13446655
0.9790070974792735,0.020992902520726497,0.0,23384588
0.9797068676282599,0.020293132371740304,0.0,24973243
0.9780709210341887,0.02192907896581141,0.0,15243759
0.9789346299757766,0.02106537002422335,0.0,14924708
0.9792511375081715,0.02074886249182854,0.0,16207394
0.9795724607263974,0.020427539273602587,0.0,14409255
0.9795199606075093,0.02048003939249055,0.0,21118605
0.9792231200886266,0.020776879911373405,0.0,28110417
0.9790070974792735,0.020992902520726497,0.0,25561673
0.9799585763798173,0.020041423620182762,0.0,22503494
0.9797297060080269,0.020270293991973175,0.0,21435571
0.9797205031698113,0.020279496830188707,0.0,26781486
0.9793831373343131,0.02061686266568695,0.0,25319541
0.9790070974792735,0.020992902520726497,0.0,19091854
0.9790070974792735,0.020992902520726497,0.0,19159058
0.9792443902784385,0.020755609721561565,0.0,17095103
0.9796417464037428,0.02035825359625713,0.0,22439025
0.9799279316097017,0.02007206839029813,0.0,20336664
0.9793256712603785,0.020674328739621554,0.0,22558426
0.9798488843475562,0.020151115652443673,0.0,17902857
0.9790070974792735,0.020992902520726497,0.0,25397299
0.9790070974792735,0.020992902520726497,0.0,15652929
0.979252700898435,0.020747299101564948,0.0,17073645
0.9797677228751946,0.020232277124805353,0.0,18565238
0.9790070974792735,0.020992902520726497,0.0,26581705
0.9799476830267505,0.020052316973249485,0.0,15015129
0.9800465867912481,0.019953413208751835,0.0,23664037
0.9790254598715716,0.0209745401284283,0.0,17802214
0.9791984860305452,0.020801513969454833,0.0,25568304
0.9779749221515719,0.02202507784842807,0.0,16065396
0.9796580534017801,0.02034194659821998,0.0,22558931
0.9795123185441548,0.020487681455845265,0.0,25831211
0.9790070974792735,0.020992902520726497,0.0,17652694
0.9799994675491739,0.020000532450826176,0.0,16708570
0.9790070974792735,0.020992902520726497,0.0,21264431
0.9807226287044059,0.019277371295594196,0.0,15822501
0.9795650718929224,0.020434928107077557,0.0,22798866
0.9799481419722059,0.02005185802779419,0.0,23219880
0.9790070974792735,0.020992902520726497,0.0,28876713
0.9791943436286552,0.020805656371344645,0.0,21900558
0.979387078743925,0.020612921256074914,0.0,28185435
0.9806648075953451,0.019335192404654856,0.0,22124299
0.9790070974792735,0.020992902520726497,0.0,27127616
0.9790070974792735,0.020992902520726497,0.0,22551797
0.9800649499297347,0.019935050070265404,0.0,15473720
0.9796836649333264,0.020316335066673585,0.0,14116173
0.9798534976032469,0.020146502396753165,0.0,24666059
0.9797264786679275,0.020273521332072393,0.0,20180607
0.9790981505532229,0.020901849446776945,0.0,23812637
0.9796758586071761,0.020324141392823823,0.0,23257070
0.9800829205133837,0.019917079486616234,0.0,13638730
0.9785105056265343,0.021489494373465808,0.0,25374123
0.9795285782571908,0.020471421742809137,0.0,18133530
0.9800630150279439,0.019936984972056117,0.0,25628272
0.9790070974792735,0.020992902520726497,0.0,22784294
0.9790070974792735,0.020992902520726497,0.0,26240487
0.9793711349505952,0.020628865049404765,0.0,17906480
0.9792641931624863,0.020735806837513665,0.0,28231860
0.9802501271345765,0.019749872865423526,0.0,18544496
0.9792148137314926,0.020785186268507443,0.0,16248013
0.9789438779567308,0.021056122043269333,0.0,19176842
0.9789924600167803,0.021007539983219647,0.0,23343523
0.9803514101039514,0.01964858989604866,0.0,24842246
0.9798846498947551,0.020115350105244904,0.0,23991018
0.9794005921864902,0.020599407813509905,0.0,23563683
0.9781171503742649,0.021882849625735168,0.0,18636959
0.9783262390280282,0.021673760971971878,0.0,16883777
0.9796424053614408,0.020357594638559344,0.0,17441590
0.9796710154426324,0.020328984557367508,0.0,21733736
0.9790560058717183,0.020943994128281757,0.0,22790351
0.9790070974792735,0.020992902520726497,0.0,27887972
0.9790070974792735,0.020992902520726497,0.0,23271466
0.9796142958229035,0.02038570417709649,0.0,21218390
0.9799976335362748,0.02000236646372529,0.0,23670613
0.9793281483465675,0.020671851653432514,0.0,21575975
0.9795288284241931,0.020471171575806895,0.0,14707183
0.9794962480806836,0.02050375191931642,0.0,24123529
0.97929829294412,0.02070170705587992,0.0,18347999
0.9787778130936619,0.021222186906338092,0.0,14417383
0.9800160600122608,0.01998393998773923,0.0,25619031
0.9787838777285391,0.02121612227146089,0.0,16593664
0.9787759678754565,0.02122403212454356,0.0,16015536
0.9790142525184743,0.020985747481525735,0.0,19182602
0.9790070974792735,0.020992902520726497,0.0,20394695
0.9789972625935661,0.021002737406434,0.0,15055614
0.9796032369853175,0.020396763014682618,0.0,27139598
0.9785080160691146,0.021491983930885347,0.0,26996865
0.9790070974792735,0.020992902520726497,0.0,24210556
0.9794705088137461,0.02052949118625395,0.0,15648578
0.9796484736337036,0.020351526366296505,0.0,24177399
0.9790070974792735,0.020992902520726497,0.0,19590387
0.9790070974792735,0.020992902520726497,0.0,18825185
0.9788370777667226,0.02116292223327746,0.0,19373570
0.9790070974792735,0.020992902520726497,0.0,23138615
0.9801236413760331,0.01987635862396677,0.0,18813470
0.9800121552745267,0.019987844725473353,0.0,26579301
0.9794140201215127,0.020585979878487183,0.0,23767720
0.9790110171841305,0.020988982815869337,0.0,25549603
0.9795708102026998,0.020429189797300296,0.0,18787855
0.9794287630041735,0.020571236995826483,0.0,17399120
0.9790070974792735,0.020992902520726497,0.0,23522345
0.9788401354753357,0.021159864524664312,0.0,16419399
0.9790070974792735,0.020992902520726497,0.0,29037367
0.9794327813508572,0.020567218649142734,0.0,20397447
0.979288107498406,0.020711892501593967,0.0,26095707
0.9795255748321379,0.02047442516786217,0.0,16526327
0.9789463607787177,0.021053639221282363,0.0,21345790
0.9790192580038863,0.020980741996113637,0.0,16407428
0.9790070974792735,0.020992902520726497,0.0,29343321
0.9790070974792735,0.020992902520726497,0.0,25912412
0.9794585642400424,0.02054143575995766,0.0,18886789
0.9784154006163267,0.02158459938367339,0.0,25396435
0.9795656175555626,0.020434382444437387,0.0,15694345
0.9800100690815411,0.01998993091845885,0.0,25571070
0.97909534611479,0.02090465388520999,0.0,16777619
0.9793608641656082,0.020639135834391795,0.0,15270961
0.9788507291913162,0.02114927080868375,0.0,21832154
0.9790070974792735,0.020992902520726497,0.0,29213929
0.9790070974792735,0.020992902520726497,0.0,25628633
0.9799491983946416,0.02005080160535844,0.0,19571227
0.9801493503252484,0.019850649674751687,0.0,25284795
0.9800141275197417,0.019985872480258397,0.0,18002451
0.9797251603526964,0.020274839647303686,0.0,19107320
0.9798913242553146,0.020108675744685275,0.0,22809656
0.9790070974792735,0.020992902520726497,0.0,24594777
0.979665833221906,0.020334166778093965,0.0,15347219
0.9802051640317999,0.01979483596820012,0.0,28499852
0.9802819827022444,0.019718017297755627,0.0,21060823
0.9793448267691323,0.020655173230867806,0.0,18272708
0.9784280873937614,0.021571912606238614,0.0,26354540
0.9793529432011474,0.0206470567988526,0.0,23889284
0.9780352943354081,0.021964705664591914,0.0,17608251
0.9796650697492096,0.020334930250790296,0.0,19677806
0.9791321690343785,0.02086783096562149,0.0,19325502
0.9793782141724461,0.020621785827553807,0.0,23136424
0.9801122083318196,0.019887791668180558,0.0,18626674
0.9790070974792735,0.020992902520726497,0.0,26757810
0.9789929596449071,0.021007040355092977,0.0,26637069
0.9790070974792735,0.020992902520726497,0.0,25666725
0.9788684272802776,0.021131572719722398,0.0,23699522
0.9790070974792735,0.020992902520726497,0.0,24255861
0.9792148137314926,0.020785186268507443,0.0,23575735
0.9793227279239836,0.020677272076016454,0.0,21055873
0.9799551271255516,0.020044872874448415,0.0,17420429
0.9790070974792735,0.020992902520726497,0.0,23109624
0.9787229833993668,0.021277016600633126,0.0,22951835
0.9793826600197656,0.02061733998023454,0.0,24615839
0.9798227736751977,0.020177226324802358,0.0,27204160
0.9793829925324208,0.020617007467579076,0.0,18772493
0.9807198238525552,0.019280176147444702,0.0,22521169
0.9794907715068955,0.020509228493104523,0.0,27018410
0.9799023922452467,0.020097607754753197,0.0,22774226
0.9797513788707499,0.020248621129250043,0.0,18721410
0.9790070974792735,0.020992902520726497,0.0,26359090
0.9800897277813504,0.019910272218649466,0.0,18259236
0.9790070974792735,0.020992902520726497,0.0,20163750
0.9803273338334407,0.019672666166559303,0.0,19367706
0.9791472973380552,0.020852702661944812,0.0,27038421
0.9790070974792735,0.020992902520726497,0.0,28812962
0.9788676124214241,0.021132387578575874,0.0,22954079
0.9790070974792735,0.020992902520726497,0.0,29067975
0.980133677350724,0.019866322649275906,0.0,22060579
0.9794586429241855,0.020541357075814524,0.0,24967927
0.9801812192222898,0.019818780777710245,0.0,16517392
0.978969414727477,0.021030585272522932,0.0,29108927
0.9790070974792735,0.020992902520726497,0.0,28829602
0.9799614814229732,0.020038518577026855,0.0,16055410
0.975017186968152,0.02498281303184807,0.0,21842136
0.979292697510959,0.020707302489040923,0.0,20560333
0.9790588091475397,0.020941190852460212,0.0,23070383
0.9802136359422053,0.019786364057794707,0.0,17506940
0.9790070974792735,0.020992902520726497,0.0,24221504
0.9799488553481202,0.02005114465187985,0.0,14848079
0.9790070974792735,0.020992902520726497,0.0,27258939
0.9800434769849689,0.019956523015031154,0.0,26960820
0.9791339831822439,0.02086601681775623,0.0,24003751
0.9795414786186324,0.02045852138136762,0.0,26859407
0.9791041168325345,0.020895883167465646,0.0,17702255
0.9800762311129487,0.01992376888705119,0.0,24003834
0.9794206980166619,0.020579301983338013,0.0,22386993
0.9792051863806223,0.020794813619377735,0.0,23398847
0.9786709779516162,0.021329022048383738,0.0,24474440
0.9796346699468125,0.02036533005318739,0.0,24648123
0.9799088590627411,0.020091140937258948,0.0,26789004
0.9790915461668225,0.020908453833177545,0.0,25934929
0.9804019255344203,0.019598074465579818,0.0,23845000
0.9793000844823405,0.02069991551765945,0.0,25327147
0.9803906871452918,0.019609312854708124,0.0,22765502
0.9792958366141479,0.020704163385852143,0.0,17615192
0.9786604434771693,0.021339556522830608,0.0,23149297
0.9790070974792735,0.020992902520726497,0.0,25259573
0.9769026581640544,0.02309734183594562,0.0,21159937
0.9790043663181525,0.02099563368184747,0.0,23167969
0.9795435814317573,0.020456418568242676,0.0,16075356
0.9796408891180357,0.020359110881964456,0.0,19025054
0.9796692959652531,0.02033070403474683,0.0,16347878
0.9790070974792735,0.020992902520726497,0.0,23833458
0.9803386633018829,0.019661336698117,0.0,26034620
0.9802967399432856,0.01970326005671448,0.0,23257177
0.9784769815556931,0.021523018444306964,0.0,16216226
0.9798311780565477,0.02016882194345217,0.0,21765018
0.9799418891941157,0.020058110805884117,0.0,17415121
0.9790070974792735,0.020992902520726497,0.0,21985825
0.9799612316149982,0.020038768385001744,0.0,16220367
0.9790070974792735,0.020992902520726497,0.0,27334214
0.9797231243867915,0.020276875613208463,0.0,22994172
0.9790070974792735,0.020992902520726497,0.0,18003803
0.9790070974792735,0.020992902520726497,0.0,23134247
0.9798159799236944,0.02018402007630551,0.0,23680741
0.9794504858626703,0.020549514137329694,0.0,25278908
0.9790070974792735,0.020992902520726497,0.0,18143489
0.9800135423751541,0.01998645762484576,0.0,24246903
0.9790070974792735,0.020992902520726497,0.0,24263782
0.979802466917956,0.020197533082043917,0.0,24247183
0.9790971637849374,0.020902836215062583,0.0,14669286
0.978729770755893,0.021270229244107108,0.0,21599495
0.9790136381552624,0.020986361844737587,0.0,24157576
0.9801656852627532,0.019834314737246807,0.0,27455350
0.9803530887386458,0.019646911261354077,0.0,23062814
0.9790686084256037,0.02093139157439627,0.0,23208079
0.9790255825258225,0.020974417474177467,0.0,17147719
0.9790709795978261,0.02092902040217391,0.0,29400856
0.9799277497759513,0.02007225022404866,0.0,15138692
0.9796681668623715,0.020331833137628735,0.0,15556612
0.979775869682971,0.0202241303170289,0.0,23904701
0.9785939241674805,0.02140607583251954,0.0,19115744
0.9790070974792735,0.020992902520726497,0.0,24728849
0.9787683060530067,0.021231693946993355,0.0,18147708
0.978319955259702,0.02168004474029801,0.0,27113128
0.9790070974792735,0.020992902520726497,0.0,23852907
0.9793950526774423,0.020604947322557667,0.0,18766334
0.9792851077939888,0.020714892206011176,0.0,17195097
0.9794464883943557,0.020553511605644424,0.0,24163079
0.9792106359044951,0.02078936409550494,0.0,19242697
0.9791593488357876,0.02084065116421246,0.0,23627318
0.9793262472095351,0.020673752790465058,0.0,27781150
0.9800398714154933,0.019960128584506576,0.0,24276864
0.9791253644068361,0.02087463559316389,0.0,22948027
0.9788920746796269,0.021107925320373182,0.0,14523809
0.9796342472923844,0.02036575270761563,0.0,27503790
0.9794350863676029,0.02056491363239724,0.0,25666537
0.9802142985623766,0.019785701437623347,0.0,17319595
0.979790205946396,0.020209794053604044,0.0,14636519
0.9790070974792735,0.020992902520726497,0.0,25836981
0.9794353774445852,0.02056462255541481,0.0,15170617
0.9795548575463126,0.02044514245368742,0.0,21103535
0.9790070974792735,0.020992902520726497,0.0,18593442
0.9807899527513604,0.0192100472486397,0.0,17666746
0.9793363161335508,0.0206636838664492,0.0,24825813
0.9789719726371114,0.02102802736288846,0.0,18040664
0.9792236286407972,0.02077637135920298,0.0,19493486
0.9790070974792735,0.020992902520726497,0.0,25482817
0.9801906824473108,0.019809317552689148,0.0,24812220
0.9790070974792735,0.020992902520726497,0.0,22442517
0.9794215717192793,0.020578428280720696,0.0,17835667
0.979697742938555,0.02030225706144504,0.0,21196616
0.979093626597097,0.02090637340290304,0.0,24881494
0.9794707071071073,0.020529292892892816,0.0,22003382
0.9795560421678531,0.020443957832146826,0.0,24008168
0.9799250191372652,0.020074980862734813,0.0,25918354
0.9787267684343123,0.02127323156568769,0.0,25463203
0.9789988064314552,0.02100119356854473,0.0,15024311
0.9790070974792735,0.020992902520726497,0.0,26922376
0.9804563594620798,0.01954364053792036,0.0,15954208
0.9792523768753522,0.02074762312464782,0.0,25167286
0.9790070974792735,0.020992902520726497,0.0,29071565
0.9790220577291412,0.020977942270858724,0.0,20062135
0.9802975752989882,0.0197024247010118,0.0,27766541
0.9796348732226933,0.020365126777306675,0.0,24554633
0.9787457131078707,0.02125428689212921,0.0,25292693
0.9790666373124208,0.020933362687579223,0.0,23321703
0.9801481729125324,0.019851827087467643,0.0,21101990
0.9792026567136711,0.02079734328632892,0.0,22583691
0.9791253644068361,0.02087463559316389,0.0,25883501
0.9793581529403974,0.02064184705960255,0.0,26741051
0.9793404988927679,0.02065950110723207,0.0,19930379
0.9790070974792735,0.020992902520726497,0.0,16262385
0.9797123093128095,0.020287690687190503,0.0,15142487
0.9790246120490315,0.020975387950968597,0.0,21195177
0.9797015188732814,0.020298481126718667,0.0,22732260
0.9798907180334767,0.02010928196652341,0.0,29379803
0.9803391437573069,0.0196608562426931,0.0,22828632
0.979368738809611,0.020631261190389154,0.0,16833741
0.9790070974792735,0.020992902520726497,0.0,23146041
0.9794276400709954,0.020572359929004684,0.0,16171223
0.9791783882411192,0.020821611758880802,0.0,27256250
0.9791341501861621,0.02086584981383797,0.0,24018493
0.9805209696229102,0.01947903037708972,0.0,24891032
0.9792405883823573,0.02075941161764264,0.0,17865484
0.9785725103858679,0.021427489614132118,0.0,27445181
0.9797733700622617,0.02022662993773835,0.0,18740957
0.9799369941076835,0.02006300589231645,0.0,23620710
0.9790467784246335,0.020953221575366505,0.0,21228644
0.9805007651309005,0.019499234869099477,0.0,23691616
0.9793342834276173,0.020665716572382795,0.0,16747773
0.979697742938555,0.02030225706144504,0.0,26232879
0.9802082904983035,0.019791709501696484,0.0,26009803
0.9788594809374455,0.021140519062554413,0.0,17085659
0.9796149334209847,0.020385066579015277,0.0,24104989
0.9798841684442364,0.020115831555763627,0.0,21085988
0.9792148137314926,0.020785186268507443,0.0,17093046
0.9793901148297962,0.020609885170203936,0.0,19072153
0.9790070974792735,0.020992902520726497,0.0,23405616
0.9791149740040729,0.02088502599592702,0.0,14701771
0.9791253644068361,0.02087463559316389,0.0,19092470
0.9791090057558101,0.02089099424418991,0.0,16390097
0.9790070974792735,0.020992902520726497,0.0,25993295
0.9790070974792735,0.020992902520726497,0.0,22661960
0.9791253644068361,0.02087463559316389,0.0,17095185
0.9790070974792735,0.020992902520726497,0.0,22812526
0.9790070974792735,0.020992902520726497,0.0,17277813
0.9790070974792735,0.020992902520726497,0.0,23604857
0.9790070974792735,0.020992902520726497,0.0,20335907
0.9790070974792735,0.020992902520726497,0.0,25873502
0.9803280241182979,0.019671975881702147,0.0,25632210
0.980403211608485,0.019596788391515126,0.0,15153903
0.9795983483720756,0.020401651627924407,0.0,24449642
0.9795626550910147,0.020437344908985244,0.0,22493860
0.9790070974792735,0.020992902520726497,0.0,18206810
0.9791318180672197,0.02086818193278021,0.0,17919919
0.9791972606882758,0.020802739311724078,0.0,23020471
0.9790424206941862,0.02095757930581373,0.0,23574028
0.9797594257621904,0.02024057423780957,0.0,13459465
0.9791917229483059,0.02080827705169399,0.0,21262662
0.9792745779941788,0.02072542200582113,0.0,20381063
0.9798912605925257,0.02010873940747435,0.0,18908148
0.9790070974792735,0.020992902520726497,0.0,23079795
0.9795248569630122,0.02047514303698794,0.0,17492108
0.9790070974792735,0.020992902520726497,0.0,25222203
0.9795176754223521,0.020482324577647898,0.0,14561644
0.9793886081644189,0.02061139183558107,0.0,23949500
0.9793627467075325,0.020637253292467506,0.0,20221534
0.9790070974792735,0.020992902520726497,0.0,23441878
0.9790180716433787,0.02098192835662137,0.0,18765448
0.9789290422130397,0.02107095778696042,0.0,19661335
0.9786567547719953,0.021343245228004817,0.0,16712806
0.9794986139457882,0.02050138605421187,0.0,18899662
0.979601255986618,0.02039874401338209,0.0,28075383
0.9790070974792735,0.020992902520726497,0.0,26199157
0.9800087274302133,0.01999127256978669,0.0,22688727
0.9792796924001835,0.020720307599816405,0.0,20746240
0.9791860363255748,0.020813963674425198,0.0,16647780
0.9789919567269459,0.021008043273054024,0.0,17110370
0.9790070974792735,0.020992902520726497,0.0,24589994
0.9791253644068361,0.02087463559316389,0.0,17489903
0.9798394968140494,0.020160503185950765,0.0,18118027
0.9800101416209946,0.019989858379005354,0.0,19711401
0.9796402902884114,0.020359709711588517,0.0,29347740
0.9793618285606068,0.02063817143939301,0.0,16311477
0.9797996782620497,0.020200321737950375,0.0,18842809
0.9795494350913048,0.020450564908695186,0.0,19477791
0.9791460517462223,0.02085394825377774,0.0,24302810
0.9794158637595314,0.02058413624046867,0.0,19783826
0.9790070974792735,0.020992902520726497,0.0,27054805
0.9790070974792735,0.020992902520726497,0.0,27634491
0.9796936581449495,0.020306341855050418,0.0,14321374
0.9790070974792735,0.020992902520726497,0.0,21038915
0.9797704204389135,0.02022957956108653,0.0,19939963
0.9794078646089618,0.02059213539103828,0.0,29033184
0.9792537636846199,0.02074623631538005,0.0,25399481
0.9794237719502223,0.020576228049777823,0.0,25732441
0.9790070974792735,0.020992902520726497,0.0,19347673
0.9794521435241909,0.020547856475809215,0.0,27565071
0.9788480012378528,0.0211519987621473,0.0,16385359
0.9788550907266674,0.021144909273332655,0.0,25944542
0.979547282014063,0.020452717985936994,0.0,29281673
0.9795080812660223,0.020491918733977814,0.0,22939562
0.9790192580038863,0.020980741996113637,0.0,20858441
0.9790070974792735,0.020992902520726497,0.0,18089882
0.9790070974792735,0.020992902520726497,0.0,27810014
0.9778597353739544,0.022140264626045583,0.0,26905493
0.9790070974792735,0.020992902520726497,0.0,21395668
0.9797208882820913,0.020279111717908724,0.0,24042784
0.9791572320352795,0.020842767964720427,0.0,22857303
0.979556329771515,0.020443670228484992,0.0,28876730
0.9802898760942529,0.01971012390574707,0.0,19196044
0.9791285679053809,0.020871432094618954,0.0,22483651
0.9790070974792735,0.020992902520726497,0.0,20189987
0.9790070974792735,0.020992902520726497,0.0,25069499
0.9798487086814985,0.02015129131850151,0.0,22720236
0.9801735784096244,0.01982642159037561,0.0,26814224
0.980363781330982,0.019636218669018025,0.0,17253418
0.9790070974792735,0.020992902520726497,0.0,22534084
0.979423142031277,0.020576857968723036,0.0,26499017
0.9799126556605541,0.020087344339445826,0.0,23890963
0.9790070974792735,0.020992902520726497,0.0,27685268
0.9790070974792735,0.020992902520726497,0.0,17791748
0.9785950442330432,0.02140495576695679,0.0,14956313
0.9792356231833064,0.02076437681669372,0.0,21838423
0.9790070974792735,0.020992902520726497,0.0,21356674
0.9796984749921304,0.020301525007869626,0.0,25159081
0.979066045143566,0.020933954856434085,0.0,24050886
0.9790070974792735,0.020992902520726497,0.0,16492723
0.9790070974792735,0.020992902520726497,0.0,19505096
0.9790591283351162,0.02094087166488373,0.0,22774668
0.9795646503633235,0.020435349636676398,0.0,16619042
0.979086333878853,0.020913666121146972,0.0,17197156
0.9786788959284508,0.021321104071549225,0.0,16183746
0.979474908603397,0.020525091396603006,0.0,19624318
0.979636198207111,0.02036380179288901,0.0,22891726
0.9790070974792735,0.020992902520726497,0.0,21623678
0.9790070974792735,0.020992902520726497,0.0,20974152
0.9790070974792735,0.020992902520726497,0.0,25626002
0.9790070974792735,0.020992902520726497,0.0,26881271
0.9799354625668968,0.02006453743310313,0.0,24214449
0.9793817706846668,0.020618229315333095,0.0,27144747
0.9798566070304691,0.020143392969531007,0.0,25547441
0.9788914231352166,0.02110857686478333,0.0,14975659
0.9790070974792735,0.020992902520726497,0.0,16453713
0.9797734192884532,0.020226580711546843,0.0,19436052
0.9790070974792735,0.020992902520726497,0.0,21740931
0.9793129844213658,0.020687015578634057,0.0,24484957
0.9790070974792735,0.020992902520726497,0.0,27626682
0.9794314595828333,0.020568540417166804,0.0,29439567
0.9791058678544461,0.020894132145553853,0.0,20521282
0.9784938198001508,0.021506180199849186,0.0,13429583
0.9792411562254157,0.020758843774584153,0.0,17774364
0.9790022726579559,0.020997727342044182,0.0,26035995
0.9790070974792735,0.020992902520726497,0.0,22931350
0.9792032420216639,0.020796757978336168,0.0,23620744
0.9790070974792735,0.020992902520726497,0.0,26488358
0.9793963954338518,0.02060360456614818,0.0,22403022
0.9790070974792735,0.020992902520726497,0.0,27147963
0.9805462064422898,0.019453793557710018,0.0,19552686
0.9790070974792735,0.020992902520726497,0.0,19059877
0.9790070974792735,0.020992902520726497,0.0,20821561
0.9795419099583895,0.020458090041610505,0.0,17417681
0.9796486242772554,0.020351375722744584,0.0,24994873
0.978931171404188,0.021068828595811984,0.0,16786800
0.9795043818378317,0.020495618162168293,0.0,18258663
0.9790070974792735,0.020992902520726497,0.0,15082420
0.9790070974792735,0.020992902520726497,0.0,16562322
0.9797765498715212,0.020223450128478718,0.0,22011688
0.9793612376647913,0.02063876233520877,0.0,16215821
0.9800727337102119,0.01992726628978809,0.0,22608318
0.9790290715059803,0.0209709284940196,0.0,25819316
0.9800048232808112,0.01999517671918883,0.0,14785840
0.9799612698680737,0.02003873013192618,0.0,27022155
0.9790070974792735,0.020992902520726497,0.0,18065817
0.9781086779563769,0.021891322043623054,0.0,21444840
0.9790070974792735,0.020992902520726497,0.0,29158879
0.9790606628288294,0.020939337171170552,0.0,15003525
0.9792244298246948,0.02077557017530515,0.0,24179595
0.9790070974792735,0.020992902520726497,0.0,24928419
0.9794740309744366,0.020525969025563445,0.0,26093512
0.979431905659959,0.020568094340041115,0.0,25544947
0.9794941816656362,0.020505818334363782,0.0,18714853
0.9791696427340622,0.02083035726593776,0.0,22498014
0.9790070974792735,0.020992902520726497,0.0,21165081
0.9790070974792735,0.020992902520726497,0.0,24276952
0.9790070974792735,0.020992902520726497,0.0,28172843
0.9795333647668631,0.020466635233136802,0.0,23742801
0.9790070974792735,0.020992902520726497,0.0,29383597
0.9790070974792735,0.020992902520726497,0.0,23327819
0.9790070974792735,0.020992902520726497,0.0,16347803
0.9796536230067168,0.02034637699328335,0.0,22976199
0.980437492938762,0.019562507061237924,0.0,23821859
0.9790070974792735,0.020992902520726497,0.0,20838383
0.9791253644068361,0.02087463559316389,0.0,24306601
0.9799933427787314,0.02000665722126867,0.0,19067545
0.9789956248100478,0.021004375189952167,0.0,25852179
0.9800996478882026,0.019900352111797515,0.0,16502347
0.9792258556441534,0.020774144355846506,0.0,20054604
0.9790070974792735,0.020992902520726497,0.0,22706711
0.9798775005745526,0.02012249942544742,0.0,16077914
0.978387560906804,0.021612439093195886,0.0,21825470
0.9798928532217722,0.020107146778227766,0.0,16207854
0.9769391159074486,0.02306088409255143,0.0,21427873
0.9790660420563748,0.020933957943625178,0.0,23343583
0.979676063983423,0.02032393601657688,0.0,20285637
0.9800284861533934,0.019971513846606514,0.0,21801783
0.9800980395181624,0.01990196048183758,0.0,16711806
0.98014998642009,0.019850013579910075,0.0,21410299
0.9790070974792735,0.020992902520726497,0.0,17166927
0.9790070974792735,0.020992902520726497,0.0,22811619
0.9796921729553544,0.02030782704464557,0.0,18820296
0.9800097595545479,0.019990240445452143,0.0,15816608
0.9799879147139939,0.020012085286006218,0.0,16262575
0.9794210302301929,0.020578969769807186,0.0,17701321
0.9790070974792735,0.020992902520726497,0.0,19076584
0.9770415894214298,0.022958410578570194,0.0,16288320
0.9789721886262811,0.021027811373718956,0.0,18110491
0.9790070974792735,0.020992902520726497,0.0,21019082
0.9790070974792735,0.020992902520726497,0.0,29014642
0.9786122263397135,0.02138777366028648,0.0,20083194
0.9790070974792735,0.020992902520726497,0.0,26701787
0.9793437598003905,0.020656240199609724,0.0,16824439
0.9797302573341875,0.02026974266581242,0.0,18161479
0.9768344530283052,0.023165546971694657,0.0,14229954
0.9794779886001429,0.02052201139985715,0.0,20846049
0.9794858226010218,0.02051417739897824,0.0,23387165
0.979256031067754,0.020743968932246,0.0,23154197
0.98021754419198,0.01978245580801992,0.0,18569903
0.9790070974792735,0.020992902520726497,0.0,24708859
0.9790070974792735,0.020992902520726497,0.0,29347149
0.9799880197482953,0.020011980251704715,0.0,23517659
0.9790070974792735,0.020992902520726497,0.0,26688155
0.9793816382186862,0.02061836178131379,0.0,15145508
0.97939568551242,0.02060431448758,0.0,25474748
0.9789590895223762,0.02104091047762383,0.0,19487573
0.9789169292402631,0.021083070759736873,0.0,24774834
0.980004178211472,0.019995821788527997,0.0,23489972
0.9790070974792735,0.020992902520726497,0.0,25370344
0.9795128158408376,0.020487184159162446,0.0,27124106
0.9790070974792735,0.020992902520726497,0.0,22617301
0.9790070974792735,0.020992902520726497,0.0,29223145
0.9790070974792735,0.020992902520726497,0.0,27325919
0.9790070974792735,0.020992902520726497,0.0,29037698
0.9795975510258749,0.02040244897412515,0.0,17541491
0.9789315006222773,0.021068499377722837,0.0,24804160
0.9794559311411813,0.020544068858818758,0.0,26643221
0.979103845189476,0.02089615481052391,0.0,22927905
0.979043164604049,0.020956835395950963,0.0,13485080
0.9790192580038863,0.020980741996113637,0.0,20921401
0.9790029410051441,0.02099705899485598,0.0,22453670
0.9795335606180919,0.020466439381907977,0.0,23955241
0.9800406446889206,0.019959355311079254,0.0,18782241
0.9795366222005412,0.020463377799458834,0.0,19129953
0.9791610978886319,0.02083890211136797,0.0,25927467
0.9790070974792735,0.020992902520726497,0.0,22010325
0.9794918564033197,0.020508143596680455,0.0,23579955
0.9789999965362539,0.021000003463746215,0.0,20153318
0.9797145830341272,0.020285416965872778,0.0,21423198
0.9790070974792735,0.020992902520726497,0.0,21456589
0.9794054602944817,0.02059453970551844,0.0,16119862
0.9790070974792735,0.020992902520726497,0.0,19147516
0.9791169879843579,0.02088301201564224,0.0,13437192
0.980183446409779,0.019816553590221123,0.0,18671584
0.9800247906100322,0.019975209389967736,0.0,23935763
0.9797477227411008,0.020252277258899193,0.0,17515576
0.9795668669901924,0.020433133009807605,0.0,27333930
0.9790004613381322,0.020999538661867677,0.0,17216290
0.9798495386970879,0.020150461302912075,0.0,26226638
0.9780595014973424,0.021940498502657668,0.0,14699277
0.978999484981273,0.021000515018726948,0.0,25810076
0.9790070974792735,0.020992902520726497,0.0,19930946
0.9790166069893772,0.020983393010622912,0.0,28499287
0.9790070974792735,0.020992902520726497,0.0,26295938
0.9793688582399878,0.020631141760012146,0.0,19413767
0.9802723731952079,0.019727626804792182,0.0,17870436
0.9790070974792735,0.020992902520726497,0.0,24200610
0.9790853027646321,0.020914697235368023,0.0,24350082
0.9794024869655842,0.020597513034415628,0.0,17475953
0.9790070974792735,0.020992902520726497,0.0,28779052
0.9797574225838257,0.020242577416174367,0.0,25481029
0.9794758043389945,0.02052419566100551,0.0,23643272
0.9802655501874135,0.01973444981258671,0.0,29126576
0.9806155361307958,0.01938446386920427,0.0,24075969
0.979215185166128,0.020784814833872078,0.0,13923385
0.9791253644068361,0.02087463559316389,0.0,20724009
0.9792666127883881,0.020733387211611862,0.0,23026083
0.9807612940026563,0.019238705997343813,0.0,22779516
0.9791011786140248,0.020898821385975225,0.0,26715274
0.9789554830132023,0.021044516986797695,0.0,24055712
0.9790192580038863,0.020980741996113637,0.0,21551176
0.9789988064314552,0.02100119356854473,0.0,22450678
0.979337747432545,0.02066225256745517,0.0,18119117
0.9789999965362539,0.021000003463746215,0.0,22892128
0.9790560058717183,0.020943994128281757,0.0,17072494
0.9791642397966764,0.020835760203323544,0.0,27020135
0.9797250580384047,0.020274941961595273,0.0,17858169
0.9798533965210371,0.020146603478963018,0.0,25918808
0.9802380522558763,0.019761947744123723,0.0,28784099
0.9801609684198939,0.01983903158010615,0.0,19802081
0.9790070974792735,0.020992902520726497,0.0,17835419
0.9790070974792735,0.020992902520726497,0.0,29286978
0.9790580942010931,0.020941905798906892,0.0,17289890
0.9798433809074626,0.02015661909253733,0.0,23438737
0.9790070974792735,0.020992902520726497,0.0,28259361
0.9796628322214711,0.020337167778528824,0.0,24079330
0.9790070974792735,0.020992902520726497,0.0,23490741
0.9788944405403088,0.02110555945969112,0.0,16804751
0.9799769947445133,0.020023005255486684,0.0,17315840
0.980175508762828,0.019824491237172084,0.0,26068954
0.9790070974792735,0.020992902520726497,0.0,25332324
0.9806070733807067,0.01939292661929334,0.0,26327151
0.9799882835123696,0.020011716487630504,0.0,25371762
0.9802080356945717,0.019791964305428317,0.0,24787259
0.9799844152588706,0.020015584741129314,0.0,17270222
0.9790070974792735,0.020992902520726497,0.0,21675369
0.9791654210266937,0.020834578973306504,0.0,20529054
0.9796824130287255,0.020317586971274428,0.0,20820947
0.9793618902515236,0.02063810974847638,0.0,27030984
0.9790070974792735,0.020992902520726497,0.0,21849610
0.9803698956779592,0.019630104322040907,0.0,16368429
0.978931743761684,0.021068256238316003,0.0,13475997
0.9791697601152537,0.020830239884746336,0.0,17133911
0.9796202731063309,0.020379726893669122,0.0,20050261
0.9790070974792735,0.020992902520726497,0.0,20677012
0.979501072811316,0.020498927188684048,0.0,25582089
0.9796226428351557,0.02037735716484444,0.0,21342318
0.9783516960263027,0.021648303973697408,0.0,23132231
0.9790070974792735,0.020992902520726497,0.0,25584575
0.9790070974792735,0.020992902520726497,0.0,16799803
0.979486566557946,0.02051343344205407,0.0,26191911
0.9790070974792735,0.020992902520726497,0.0,18069228
0.979835149969456,0.0201648500305439,0.0,18698944
0.9790070974792735,0.020992902520726497,0.0,28968595
0.97953484894507,0.020465151054929874,0.0,26189825
0.9790070974792735,0.020992902520726497,0.0,29005923
0.9790070974792735,0.020992902520726497,0.0,23010551
0.9796987438160221,0.020301256183977805,0.0,22141251
0.9794201435898092,0.020579856410190712,0.0,20853558
0.9790070974792735,0.020992902520726497,0.0,28163395
0.9790070974792735,0.020992902520726497,0.0,26291515
0.9789115776146312,0.021088422385368743,0.0,24691284
0.9789283492369004,0.02107165076309954,0.0,21061484
0.9783254205043491,0.021674579495650954,0.0,27331974
0.9790192580038863,0.020980741996113637,0.0,26813383
0.9788822610490958,0.021117738950904127,0.0,18857840
0.9789283272868302,0.021071672713169627,0.0,14580642
0.9793830691459278,0.020616930854072294,0.0,23113708
0.9797594567550023,0.020240543244997664,0.0,22720745
0.9779679293108984,0.02203207068910169,0.0,18321648
0.9790070974792735,0.020992902520726497,0.0,17491498
0.9791117664309169,0.02088823356908297,0.0,20982024
0.9789349270443527,0.021065072955647312,0.0,24032799
0.979751351664501,0.02024864833549902,0.0,22834075
0.9790070974792735,0.020992902520726497,0.0,26324065
0.9792831870082362,0.020716812991763655,0.0,14955626
0.9784916569028248,0.021508343097175243,0.0,22612946
0.9794470326508719,0.020552967349128093,0.0,16677427
0.9790070974792735,0.020992902520726497,0.0,20517772
0.9787247845775637,0.021275215422436246,0.0,15233060
0.9790070974792735,0.020992902520726497,0.0,24543219
0.9795026052756245,0.02049739472437558,0.0,17484610
0.9790070974792735,0.020992902520726497,0.0,17116769
0.9786897507666853,0.02131024923331471,0.0,21204299
0.9790070974792735,0.020992902520726497,0.0,13965474
0.9798639257510161,0.02013607424898394,0.0,25456228
0.9805153718238244,0.019484628176175585,0.0,28664829
0.9799164953210379,0.020083504678962118,0.0,16530491
0.9791217193650277,0.020878280634972258,0.0,21679266
0.9792619796301999,0.02073802036980018,0.0,28901660
0.9794313763007294,0.020568623699270715,0.0,18171921
0.9799637322029037,0.020036267797096288,0.0,22010131
0.9792734689223753,0.020726531077624545,0.0,23765001
0.9793702505311944,0.02062974946880549,0.0,16547757
0.9790469484640681,0.020953051535931733,0.0,23112048
0.9801321247556425,0.019867875244357413,0.0,25905969
0.9798970156894968,0.020102984310503218,0.0,23327372
0.9798515102472541,0.020148489752745895,0.0,15483153
0.9804353704622131,0.019564629537786933,0.0,21152085
0.9800084938957004,0.019991506104299422,0.0,21483162
0.9790070974792735,0.020992902520726497,0.0,23580589
0.9790070974792735,0.020992902520726497,0.0,16617985
0.9790070974792735,0.020992902520726497,0.0,28556029
0.9799507826877092,0.020049217312290864,0.0,15776039
0.9800550684969134,0.019944931503086804,0.0,19245945
0.979697742938555,0.02030225706144504,0.0,27224399
0.9794903279121673,0.020509672087832737,0.0,25336553
0.9790070974792735,0.020992902520726497,0.0,25835785
0.9799312745028209,0.020068725497179134,0.0,22871309
0.9790070974792735,0.020992902520726497,0.0,28942857
0.9790070974792735,0.020992902520726497,0.0,16323996
0.9790070974792735,0.020992902520726497,0.0,16051268
0.9790070974792735,0.020992902520726497,0.0,21490571
0.9796865557197963,0.020313444280203694,0.0,20142128
0.9788731345043066,0.021126865495693432,0.0,21122660
0.9786553742749572,0.021344625725042827,0.0,19818501
0.9795235406718555,0.020476459328144445,0.0,16895125
0.979657893473615,0.02034210652638494,0.0,28032512
0.979652714103436,0.02034728589656387,0.0,21574736
0.9790823513119585,0.020917648688041447,0.0,16640667
0.976062508501715,0.02393749149828483,0.0,21879558
0.9790070974792735,0.020992902520726497,0.0,14382807
0.97833308119606,0.021666918803940144,0.0,15517964
0.9796464447538713,0.020353555246128627,0.0,17354682
0.9788684456350112,0.021131554364988706,0.0,18034591
0.9789999965362539,0.021000003463746215,0.0,16464419
0.9790070974792735,0.020992902520726497,0.0,26123670
0.9795708290247699,0.020429170975230167,0.0,28620791
0.9801015665848176,0.019898433415182482,0.0,20698168
0.9790070974792735,0.020992902520726497,0.0,29288076
0.9790070974792735,0.020992902520726497,0.0,25626899
0.9790012520827448,0.020998747917255117,0.0,24647394
0.9790070974792735,0.020992902520726497,0.0,15319638
0.9801244507634429,0.019875549236557048,0.0,21905909
0.9795222563827038,0.020477743617296137,0.0,19482933
0.9791581969750803,0.020841803024919697,0.0,24723275
0.9790070974792735,0.020992902520726497,0.0,19784113
0.9799370064032815,0.02006299359671851,0.0,15428690
0.9797929841392642,0.020207015860735845,0.0,19242764
0.9800141990448062,0.019985800955193766,0.0,26774462
0.9792571556788117,0.02074284432118825,0.0,25327903
0.9798778897742764,0.020122110225723706,0.0,29123343
0.9800662542141557,0.019933745785844306,0.0,24858072
0.9790070974792735,0.020992902520726497,0.0,23197758
0.9794683716251108,0.020531628374889217,0.0,14467738
0.9798965912660027,0.02010340873399732,0.0,19772074
0.9783660161483224,0.021633983851677488,0.0,20124148
0.9790070974792735,0.020992902520726497,0.0,26089563
0.9798234363183295,0.020176563681670423,0.0,19209505
0.9790070974792735,0.020992902520726497,0.0,23712540
0.9798641838414176,0.020135816158582502,0.0,19725313
0.9788864148357834,0.021113585164216613,0.0,20822318
0.9795060726665664,0.02049392733343376,0.0,16488960
0.9790070974792735,0.020992902520726497,0.0,22609080
0.9792654023685159,0.02073459763148412,0.0,24580149
0.9798821864337732,0.020117813566226828,0.0,21824153
0.9789757426441238,0.021024257355876253,0.0,17088747
0.97967716995138,0.020322830048620052,0.0,13763817
0.9790070974792735,0.020992902520726497,0.0,29088115
0.9796616674958645,0.02033833250413552,0.0,17848047
0.9793385865316016,0.020661413468398584,0.0,20542594
0.9795197404398127,0.02048025956018736,0.0,23254500
0.9792093357504682,0.020790664249531934,0.0,18699351
0.9799304200162208,0.020069579983779187,0.0,21188959
0.9790070974792735,0.020992902520726497,0.0,17221582
0.9791334720841592,0.020866527915840833,0.0,16981019
0.9790070974792735,0.020992902520726497,0.0,29328255
0.9782015398317867,0.021798460168213338,0.0,28038952
0.9795803291351484,0.020419670864851535,0.0,13865382
0.9790070974792735,0.020992902520726497,0.0,15087671
0.9786609439176721,0.021339056082327806,0.0,21305517
0.9790070974792735,0.020992902520726497,0.0,28298071
0.9795283503605285,0.02047164963947144,0.0,24812890
0.9790070974792735,0.020992902520726497,0.0,15204311
0.9790070974792735,0.020992902520726497,0.0,27696713
0.9791075076593861,0.020892492340613893,0.0,23635785
0.9803544496381533,0.019645550361846804,0.0,15953785
0.9790660420563748,0.020933957943625178,0.0,23201875
0.9790070974792735,0.020992902520726497,0.0,29400060
0.9792247519467203,0.02077524805327976,0.0,17451630
0.9794476334201174,0.020552366579882693,0.0,20053693
0.9796475106655238,0.020352489334476236,0.0,21489309
0.9798060591462545,0.020193940853745353,0.0,17415284
0.9803130934885917,0.019686906511408205,0.0,17349860
0.9800109287212397,0.01998907127876031,0.0,24979609
0.9791001274659019,0.02089987253409799,0.0,14339423
0.9790070974792735,0.020992902520726497,0.0,17729101
0.9789984071573083,0.021001592842691603,0.0,27766370
0.9794898841967143,0.020510115803285576,0.0,20024203
0.9791857965790473,0.020814203420952696,0.0,24886723
0.9790070974792735,0.020992902520726497,0.0,21888217
0.9793598104705492,0.02064018952945077,0.0,18876106
0.9790070974792735,0.020992902520726497,0.0,28669818
0.9800532109665828,0.0199467890334172,0.0,19494704
0.9797375392586074,0.020262460741392468,0.0,24231842
0.9790070974792735,0.020992902520726497,0.0,26480746
0.9783411734181678,0.021658826581832172,0.0,25852363
0.9790070974792735,0.020992902520726497,0.0,24866081
0.979391334888758,0.020608665111242087,0.0,13383777
0.9789978506692202,0.021002149330779908,0.0,17982344
0.9793555295528896,0.02064447044711055,0.0,27028972
0.9789132212043835,0.021086778795616372,0.0,23872801
0.9798566892909268,0.020143310709073103,0.0,23622437
0.9789999965362539,0.021000003463746215,0.0,23586015
0.978958829362856,0.021041170637143912,0.0,16189450
0.9805475610025374,0.019452438997462657,0.0,17692986
0.9790070974792735,0.020992902520726497,0.0,28473205
0.9790070974792735,0.020992902520726497,0.0,25867713
0.9790070974792735,0.020992902520726497,0.0,29392467
0.9790923957823118,0.020907604217688138,0.0,20703566
0.9796091642401594,0.020390835759840506,0.0,20033837
0.979296000348827,0.0207039996511731,0.0,22599329
0.9782717448662618,0.021728255133738196,0.0,19539110
0.9793016246866169,0.020698375313383203,0.0,25998100
0.9794123613268222,0.02058763867317788,0.0,15924563
0.9801151933408647,0.01988480665913524,0.0,23902978
0.9793396962631599,0.020660303736840257,0.0,20087305
0.9801180307464535,0.019881969253546357,0.0,19191958
0.9802998744557629,0.01970012554423709,0.0,18049002
0.9791390318709288,0.0208609681290712,0.0,16613736
0.9793665863199754,0.02063341368002443,0.0,21092058
0.9795732688264184,0.02042673117358156,0.0,25021520
0.9790435933561461,0.020956406643853905,0.0,16907553
0.9790070974792735,0.020992902520726497,0.0,28964002
0.9800523010206019,0.01994769897939823,0.0,14970929
0.9789999965362539,0.021000003463746215,0.0,24004692
0.9796464116904953,0.020353588309504882,0.0,18268354
0.9796977901442323,0.020302209855767556,0.0,17160893
0.9790070974792735,0.020992902520726497,0.0,24650520
0.9790070974792735,0.020992902520726497,0.0,28973090
0.9792025560703181,0.02079744392968187,0.0,23312825
0.9799098480530584,0.020090151946941505,0.0,18753795
0.9790755374731838,0.020924462526816165,0.0,23795959
0.9790070974792735,0.020992902520726497,0.0,22739179
0.9790070974792735,0.020992902520726497,0.0,28101159
0.9787866211458252,0.021213378854175013,0.0,19754153
0.9790070974792735,0.020992902520726497,0.0,27901796
0.9793102093855524,0.02068979061444766,0.0,16032465
0.9793634655964629,0.02063653440353704,0.0,18766610
0.9799219847184755,0.020078015281524513,0.0,20738691
0.9788435881499019,0.021156411850098023,0.0,19487708
0.9797755734598392,0.020224426540160788,0.0,18756835
0.9799362471838786,0.020063752816121442,0.0,17966194
0.9795479926316057,0.020452007368394257,0.0,19851942
0.9793615563992685,0.02063844360073163,0.0,27604895
0.9794128789214605,0.020587121078539605,0.0,28279020
0.9805367493264792,0.0194632506735207,0.0,14578270
0.9790070974792735,0.020992902520726497,0.0,17313385
0.978586760111163,0.021413239888836963,0.0,21296541
0.9790070974792735,0.020992902520726497,0.0,26632426
0.9788675148135979,0.021132485186402074,0.0,19907538
0.9784948846959055,0.02150511530409451,0.0,26642478
0.97844383077327,0.021556169226730003,0.0,19633305
0.9788197173862607,0.021180282613739353,0.0,23891752
0.9792556734463811,0.020744326553618804,0.0,15010157
0.98027877224684,0.01972122775315996,0.0,27113607
0.9799122913226885,0.020087708677311383,0.0,18688224
0.9789870018611325,0.021012998138867527,0.0,26167309
0.9790070974792735,0.020992902520726497,0.0,20131581
0.9799909941230914,0.020009005876908615,0.0,19614878
0.9791303303912011,0.02086966960879874,0.0,25515561
0.9790070974792735,0.020992902520726497,0.0,27740700
0.9789423407345713,0.021057659265428606,0.0,25451112
0.9792148137314926,0.020785186268507443,0.0,22441476
0.9790070974792735,0.020992902520726497,0.0,26485659
0.9790070974792735,0.020992902520726497,0.0,28838426
0.9796693821098719,0.020330617890128105,0.0,16819904
0.9793872646480961,0.020612735351903944,0.0,16275184
0.9803644053554872,0.01963559464451289,0.0,22461741
0.9790070974792735,0.020992902520726497,1.0,16549255
0.9790070974792735,0.020992902520726497,1.0,21589819
0.9790070974792735,0.020992902520726497,1.0,19358961
0.9790070974792735,0.020992902520726497,1.0,18716252
0.9801194613849189,0.019880538615081142,1.0,16313013
0.9798049118823606,0.020195088117639495,1.0,20747880
0.9792291108805138,0.020770889119486276,1.0,13708437
0.9795872631635536,0.020412736836446493,1.0,22583786
0.9790415095370957,0.020958490462904353,1.0,29462497
0.9790192580038863,0.020980741996113637,1.0,24411255
0.9780347486710572,0.021965251328942777,1.0,19767922
0.9786439473125536,0.021356052687446447,1.0,15892474
0.9793296509919154,0.020670349008084545,1.0,19200403
0.9796725189779198,0.02032748102208016,1.0,15590290
0.9784972475926647,0.0215027524073354,1.0,19876913
0.9790070974792735,0.020992902520726497,1.0,23848007
0.9788912317311179,0.021108768268882073,1.0,21948347
0.9789931234508361,0.02100687654916381,1.0,22894111
0.9798416949626495,0.020158305037350544,1.0,29351719
